gene_id,gene_name,gene_alias,system_name,uniprot,sgd,description,sequence,length,related_info,interpro,go_id,location,process,pubmed_id
A1,AIF1,CPD1,YNR074C,P52923,S000005357,"Mitochondrial cell death effector that translocates to the nucleus in response to apoptotic stimuli, homolog of mammalian Apoptosis-Inducing Factor, putative reductase",">sp|P52923|AIF1_YEAST Apoptosis-inducing factor 1 OS=Saccharomyces cerevisiae (strain ATCC 204508 / S288c) GN=AIF1 PE=1 SV=1
MTINTKNIVVVGAGVFGVSVANHLYRELGGTYAIKLVTASNYVYFLPSAVRLTVSKDYTK
SILPLKNVLDSGIEVIKDTAASFDDKEVVLGSDRAIKFDILVLATGSKWADPIGSTYTFG
DNYKEYFEREASRISDADHILFLGGGFVNCELAGELLFKYLEEIRSGKKRISIIHNSDKL
LPDSGLYNDTLRKNVTDYLSKNGITLYLNTVGASLDTSPKRIFLGEGSSKYIDADLIYRG
VGISPNVPVNSISDLCDKKGFIQVEKNFRVKAVEAGNVFAIGDVTNFRYHGLVKRDNWVD
VLTRNVISSLQEGTEASLVDADCLETGHAPSGVSLGPNAGFGQFPLPLLGTINIPSFLIS
RAKSKNLFSDKMEPLFKK",378,,IPR013027|IPR023753|IPR001327,GO:0000304|GO:0005634|GO:0005886|GO:0016491|GO:0050660|GO:0055114|GO:0005739|GO:0043065|GO:0005741|GO:0006915|GO:0016020|GO:0016021|GO:0016668,mitochondria|nucleus,caspase independent|DNA fragmentation|mitochondrial membrane permeabilization,15381687|16621561|19250922|17207637|20075938
A2,BIR1,,YJR089W,P47134,S000003849,Subunit of chromosomal passenger complex (CPC); CPC is comprised of Ipl1p-Sli15p-Bir1p-Nbl1p and regulates chromosome segregation; required for chromosome bi-orientation and for spindle assembly checkpoint activation upon reduced sister kinetochore tension; relative distribution to shortened microtubules increases upon DNA replication stress,">sp|P47134|BIR1_YEAST Protein BIR1 OS=Saccharomyces cerevisiae (strain ATCC 204508 / S288c) GN=BIR1 PE=1 SV=1
MDGQIDKMEKRYSMTKLENRLRTFQDGVALEKKKLKWSFKVIPYQAMAKLGFYFDPVIDP
KTSKLKKDSVRCCYCHRQTYNVRDCRSKRKDVLETLSNIMRQHLTVTDNKQVCLLIYLRN
KLLTDYSFHMGVSDWKNDKYFSNPDDENVINLRKFTFQDNWPHSGSQNEHPLGIEKMVNA
GLMRYDSSIEGLGDPSMDKTLMNDTCYCIYCKQLLQGWSINDDPMSRHYKVSQNGNCYFF
QTRNRFERIKNDNDSITKNCEVSPTLGENGKREVINTKTASQRQCPLFESPPSSTGPQLD
DYNEKTDISVIQHNISVLDGAQGENVKRNSVEEKEQINMENGSTTLEEGNINRDVLADKK
EVISTPTAKEIKRPNVQLTQSSSPIKKKRKFKRISPRKIFDEEDSEHSLNNNSANGDNKD
KDLVIDFTSHIIKNRDVGRKNAILDDSTDEFSFSNQGHNTFDIPIPTSSHLLKGIDSDND
NVIREDDTGINTDTKGASSKHEKFSVNSEEDLNFSEVKLTGRDSSTNILIRTQIVDQNLG
DIDRDKVPNGGSPEVPKTHELIRDNSEKREAQNGEFRHQKDSTVRQSPDILHSNKSGDNS
SNITAIPKEEQRRGNSKTSSIPADIHPKPRKNLQEPRSLSISGKVVPTERKLDNINIDLN
FSASDFSPSSQSEQSSKSSSVISTPVASPKINLTRSLHAVKELSGLKKETDDGKYFTNKQ
ETIKILEDVSVKNETPNNEMLLFETGTPIASQENKSRKLFDEEFSGKELDIPIDSSTVEI
KKVIKPEFEPVPSVARNLVSGTSSYPRNSRLEEQRKETSTSLADNSKKGSSFNEGNNEKE
PNAAEWFKIDENRHLVKNYFHDLLKYINNNDATLANDKDGDLAFLIKQMPAEELDMTFNN
WVNLKVQSIKREFIDDCDKKLDILRRDYYTATNFIETLEDDNQLIDIAKKMGIL",954,XIAP (Inhibitor of apoptosis protein),IPR001370,GO:0007059|GO:0005737|GO:0000778|GO:0031134|GO:0005819|GO:0051233|GO:0000022|GO:0005739|GO:0005622|GO:0071173|GO:0005874|GO:0051301|GO:0032133|GO:0031577|GO:0007049|GO:0046872|GO:0006915|GO:0005634|GO:0003674,cytoplasm|nucleus,anti-apoptosis,19808885|16608876|10702224|17207637|20075938
A3,CPR3,CYP3,YML078W,P25719,S000004543,"Mitochondrial peptidyl-prolyl cis-trans isomerase (cyclophilin), catalyzes the cis-trans isomerization of peptide bonds N-terminal to proline residues; involved in protein refolding after import into mitochondria",">sp|P25719|CYPC_YEAST Peptidyl-prolyl cis-trans isomerase C, mitochondrial OS=Saccharomyces cerevisiae (strain ATCC 204508 / S288c) GN=CPR3 PE=1 SV=1
MFKRSIIQQSRLFSNSASRLGKKVFFDPAVNGTKIGRIEFELYDNVVPKTAENFRALCTG
EKGWGYKGVPFHRIIPDFMIQGGDTDLTNGFGGKSIYGSKFADENFVKKHDKAGLLSMAN
AGPNTNGSQFFITTVPCPWLDGKHVVFGEVTKGMDIVKAIESYGTASGKPRAEIVIEEAG
EL",182,,IPR024936|IPR002130|IPR020892,GO:0005737|GO:0006915|GO:0046872|GO:0051536|GO:0051537|GO:0051539|GO:0009055|GO:0016226|GO:0005829|GO:0005758|GO:0005739,mitochondria,mitochondrial membrane permeabilization,17881727
A4,DRE2,,YKR071C,P36152,S000001779,Component of the cytosolic Fe-S protein assembly (CIA) machinery; contains an Fe-S cluster that receives electrons from NADPH via the action of Tah18pin an early step in the CIA pathway; ortholog of human Ciapin1; protein abundance increases in response to DNA replication stress,">sp|P36152|DRE2_YEAST Fe-S cluster assembly protein DRE2 OS=Saccharomyces cerevisiae (strain ATCC 204508 / S288c) GN=DRE2 PE=1 SV=1
MSQYKTGLLLIHPAVTTTPELVENTKAQAASKKVKFVDQFLINKLNDGSITLENAKYETV
HYLTPEAQTDIKFPKKLISVLADSLKPNGSLIGLSDIYKVDALINGFEIINEPDYCWIKM
DSSKLNQTVSIPLKKKKTNNTKLQSGSKLPTFKKASSSTSNLPSFKKADHSRQPIVKETD
SFKPPSFKMTTEPKVYRVVDDLIEDSDDDDFSSDSSKAQYFDQVDTSDDSIEEEELIDED
GSGKSMITMITCGKSKTKKKKACKDCTCGMKEQEENEINDIRSQQDKVVKFTEDELTEID
FTIDGKKVGGCGSCSLGDAFRCSGCPYLGLPAFKPGQPINLDSISDDL",348,Dre2-Tah18 complex controls mitochondria integrity and cell death after oxidative stress in yeast,IPR007785,GO:0006915|GO:0016226|GO:0005758|GO:0005737|GO:0005829|GO:0005739|GO:0009055|GO:0051537|GO:0051536|GO:0046872|GO:0051539,cytoplasm,anti-apoptosis,19194512|20802492
A5,ESP1,,YGR098C,Q03018,S000003330,"Separase, a caspase-like cysteine protease; promotes sister chromatid separation by mediating dissociation of the cohesin Scc1p from chromatin; inhibits protein phosphatase 2A-Cdc55p to promote mitotic exit; inhibited by Pds1p; relative distribution to the nucleus increases upon DNA replication stress",">sp|Q03018|ESP1_YEAST Separin OS=Saccharomyces cerevisiae (strain ATCC 204508 / S288c) GN=ESP1 PE=1 SV=2
MMVKQEEPLNEISPNTPMTSKSYLLNDTLSKVHHSGQTRPLTSVLSGDASSNSIGILAMH
NNIIRDFTKIASNNIDLAIEDITTVDHSLNSIYSLLKSHHMWGHINSTVKQHLMIIVKLI
NNNALGLASSEIIFLFNETNLFQAHSLKNILLADFSTWNDYYLSNLKILALQIILKRKLV
DEYLPHILELFSHDKRYLLKDPNLKAHALTKIVLSFFSVTTSCKVLFGLKFLQYIKQFKL
PFKKFISNITVECFSKNLLHKNYLEMGPNKIYLNSFYLSYSMLYDGLDKIMLLDILSYEE
TTEVQRAIKSKKEFNEYCNMSENRLLWSCISVDDLNVILENATNFLQNKGKHISATLKCL
VCLWSTIRLEGLPKNKDILRQFDCTVIYINSNIKSINDESAAALLSELLGVLSEICIDYK
EPKRLSNIISVLFNASVLFKSHSFLLKTANLEISNVLISNDSKTSHRTILKFEKFISSAQ
SAQKKIEIFSCLFNVYCMLRNDTLSFVFDFCQNAFIHCFTRLKITKFIEFSNSSEIMLSV
LYGNSSIENIPSENWSQLSRMIFCSLRGIFDLDPLELNNTFDKLHLLNKYELLIRIVYLL
NLDMSKHLTTNLSKITKLYINKWLQKSDEKAERISSFEMDFVKMLLCYLNFNNFDKLSIE
LSLCIKSKEKYYSSIVPYADNYLLEAYLSLYMIDDALMMKNQLQKTMNLSTAKIEQALLH
ASSLINVHLWDSDLTAFQIYFGKTLPAMKPELFDINNDHNLPMSLYIKVILLNIKIFNES
AKLNIKAGNVISAVIDCRKAQNLALSLLKKKNKLSQGSRLALLKSLSFSFFQLIKIHIRI
GSARDCEFYSKELSRIISDLEEPIIVYRCLHFLHRYYMITEQTCLQNITLGKANKAFDYL
DAEADITSLTMFLYDNKEFVKLEQSLVLYFGDQLEKTFLPNLWKLHLGKDIDDSICLSEY
MPKNVINRVHNMWQKVMSQLEEDPFFKGMFESTLGIPSSLPVIPSTMPNNILKTPSKHST
GLKLCDSPRSSSMTPRGKNIRQKFDRIAAISKLKQMKELLESLKLDTLDNHELSKISSLS
SLTLTILSNITSIHNAESSLITNFSLTDLPRHMPLLFDKVLNNIDNKNYREFRVSSLIAP
NNISTITESIRVSAAQKDLMESNLNINVITIDFCPITGNLLLSKLEPRRKRRTHLRLPLI
RSNSRDLDEVHLSFPEATKKLLSIINESNQTTSVEVTNKIKTREERKSWWTTRYDLDKRM
QQLLNNIENSWFNGVQGFFSPEVVDNSLFEKFKDKFYEILHQNLPSRKLYGNPAMFIKVE
DWVIELFLKLNPQEIDFLSKMEDLIYFVLDILLFHGEENAYDEIDFSMLHVQLEEQIKKY
RATMTTNSIFHTFLVVSSSCHLFPWECLSFLKDLSITRVPSYVCLNKLLSRFHYQLPLQV
TIEDNISMILNPNGDLSRTESKFKGMFQKIIDAKPSSQLVMNEKPEEETLLKMLQNSNLF
VYIGHGGGEQYVRSKEIKKCTKIAPSFLLGCSSAAMKYYGKLEPTGTIYTYLLGGCPMVL
GNLWDVTDKDIDKFSEELFEKMGFRCNTDDLNGNSLSVSYAVSKSRGVCHLRYLNGAAPV
IYGLPIKFVS",1630,"When apoptosis is induced, Esp1 is released from the anaphase inhibitor Pds1",IPR005314,GO:0005819|GO:0016787|GO:0005737|GO:0004197|GO:0005634|GO:0005816|GO:0006508|GO:0008233|GO:0034048|GO:0005739|GO:0000070|GO:0007096|GO:0007059|GO:0032888|GO:0006915|GO:0005856|GO:0008234,nucleus,caspase dependent|cytochrome c release,18321989|19250922
A6,FIS1,MDV2,YIL065C,P40515,S000001327,Protein involved in mitochondrial membrane fission and peroxisome abundance; required for localization of Dnm1p and Mdv1p during mitochondrial division; mediates ethanol-induced apoptosis and ethanol-induced mitochondrial fragmentation,">sp|P40515|FIS1_YEAST Mitochondria fission 1 protein OS=Saccharomyces cerevisiae (strain ATCC 204508 / S288c) GN=FIS1 PE=1 SV=1
MTKVDFWPTLKDAYEPLYPQQLEILRQQVVSEGGPTATIQSRFNYAWGLIKSTDVNDERL
GVKILTDIYKEAESRRRECLYYLTIGCYKLGEYSMAKRYVDTLFEHERNNKQVGALKSMV
EDKIQKETLKGVVVAGGVLAGAVAVASFFLRNKRR",155,"Upon the apoptotic stimuli of acetic acid and hydrogen peroxide, Fis1 inhibits Dnm1- and Mdv1-mediated mitochondrial fission and cell death, indicating a prosurvival function for Fis1 and a proapoptotic function for Dnm1 and Mdv1 during cell death",IPR016543,GO:0005741|GO:0001300|GO:0000266|GO:0003674|GO:0016559|GO:0005739|GO:0005777|GO:0007031|GO:0016021|GO:0006915|GO:0016020,mitochondria,anti-apoptosis,17544409|15520274|20726898|18756280|17207637|20075938
A7,MCA1,YCA1,YOR197W,Q08601,S000005723,"Ca2+-dependent cysteine protease; may cleave specific substrates during the stress response; regulates apoptosis upon H2O2 treatment; required for clearance of insoluble protein aggregates during normal growth; implicated in cell cycle dynamics; undergoes autocatalytic processing; similar to mammalian metacaspases, but exists as a monomer due to an extra pair of anti-parallel beta-strands that form a continuous beta-sheet, blocking potential dimerization; Also known as: [MCA]",">sp|Q08601|MCA1_YEAST Metacaspase-1 OS=Saccharomyces cerevisiae (strain ATCC 204508 / S288c) GN=MCA1 PE=1 SV=2
MYPGSGRYTYNNAGGNNGYQRPMAPPPNQQYGQQYGQQYEQQYGQQYGQQNDQQFSQQYA
PPPGPPPMAYNRPVYPPPQFQQEQAKAQLSNGYNNPNVNASNMYGPPQNMSLPPPQTQTI
QGTDQPYQYSQCTGRRKALIIGINYIGSKNQLRGCINDAHNIFNFLTNGYGYSSDDIVIL
TDDQNDLVRVPTRANMIRAMQWLVKDAQPNDSLFLHYSGHGGQTEDLDGDEEDGMDDVIY
PVDFETQGPIIDDEMHDIMVKPLQQGVRLTALFDSCHSGTVLDLPYTYSTKGIIKEPNIW
KDVGQDGLQAAISYATGNRAALIGSLGSIFKTVKGGMGNNVDRERVRQIKFSAADVVMLS
GSKDNQTSADAVEDGQNTGAMSHAFIKVMTLQPQQSYLSLLQNMRKELAGKYSQKPQLSS
SHPIDVNLQFIM",432,,IPR011600,GO:0004198|GO:0005634|GO:0006915|GO:0006515|GO:0005737|GO:0006508|GO:0008234|GO:0004197|GO:0008233|GO:0016787,cytoplasm,caspase dependent,14970189|16170310|19941863|18355456|19250922|17207637|20075938
A8,MCD1,PDS3| RHC21| SCC1,YDL003W,Q12158,S000002161,Essential alpha-kleisin subunit of the cohesin complex; required for sister chromatid cohesion in mitosis and meiosis; apoptosis induces cleavage and translocation of a C-terminal fragment to mitochondria; expression peaks in S phase,">sp|Q12158|SCC1_YEAST Sister chromatid cohesion protein 1 OS=Saccharomyces cerevisiae (strain ATCC 204508 / S288c) GN=MCD1 PE=1 SV=1
MVTENPQRLTVLRLATNKGPLAQIWLASNMSNIPRGSVIQTHIAESAKEIAKASGCDDES
GDNEYITLRTSGELLQGIVRVYSKQATFLLTDIKDTLTKISMLFKTSQKMTSTVNRLNTV
TRVHQLMLEDAVTEREVLVTPGLEFLDDTTIPVGLMAQENSMERKVQGAAPWDTSLEVGR
RFSPDEDFEHNNLSSMNLDFDIEEGPITSKSWEEGTRQSSRNFDTHENYIQDDDFPLDDA
GTIGWDLGITEKNDQNNDDDDNSVEQGRRLGESIMSEEPTDFGFDLDIEKEAPAGNIDTI
TDAMTESQPKQTGTRRNSKLLNTKSIQIDEETENSESIASSNTYKEERSNNLLTPQPTNF
TTKRLWSEITESMSYLPDPILKNFLSYESLKKRKIHNGREGSIEEPELNVSLNLTDDVIS
NAGTNDNSFNELTDNMSDFVPIDAGLNEAPFPEENIIDAKTRNEQTTIQTEKVRPTPGEV
ASKAIVQMAKILRKELSEEKEVIFTDVLKSQANTEPENITKREASRGFFDILSLATEGCI
GLSQTEAFGNIKIDAKPALFERFINA",566,RAD21 (Human cohesin),IPR006910|IPR023093|IPR006909,GO:0034990|GO:0003682|GO:0007076|GO:0000228|GO:0034087|GO:0006974|GO:0005634|GO:0051301|GO:0007067|GO:0005694|GO:0007059|GO:0007049|GO:0000775|GO:0006302|GO:0000794|GO:0006915|GO:0005739,mitochondria|nucleus,caspase dependent|cytochrome c release,18321989|19250922
A9,NMA111,YNM3,YNL123W,P53920,S000005067,Serine protease and general molecular chaperone; involved in response to heat stress and promotion of apoptosis; may contribute to lipid homeostasis; sequence similarity to the mammalian Omi/HtrA2 family of serine proteases,">sp|P53920|NM111_YEAST Pro-apoptotic serine protease NMA111 OS=Saccharomyces cerevisiae (strain ATCC 204508 / S288c) GN=NMA111 PE=1 SV=1
MTISLSNIKKRDHSKISDGTSGESSLVKRKQLESATGDQEEEYTDHEIIIEPLHFANNNN
TVLTDSENYLRWQNTISNVVKSVVSIHFSQVAPFDCDSALVSEATGFVVDAKLGIILTNR
HVVGPGPFVGYVVFDNHEECDVIPIYRDPVHDFGFLKFDPKNIKYSKIKALTLKPSLAKV
GSEIRVVGNDAGEKLSILAGFISRIDRNAPEYGELTYNDFNTEYIQAAASASGGSSGSPV
VNIDGYAVALQAGGSTEASTDFFLPLDRILRALICIQTNKPITRGTIQVQWLLKPYDECR
RLGLTSERESEARAKFPENIGLLVAETVLREGPGYDKIKEGDTLISINGETISSFMQVDK
IQDENVGKEIQLVIQRGGVECTVTCTVGDLHAITPHRYVEVCGATFHELSYQMARFYALP
VRGVFLSSASGSFNFDSKERVGWIVDSIDNKETPDLDTFIEIMKTIPDRKRVTVRYHHLT
DQHSPLVTSIYIDRHWCNEFRVYTRNDTTGIWDYKNVADPLPADALKPRSAKIIPIPVNN
EKVAKLSSSLCTVATMAAVPLDSLSADILKTSGLIIDAEKGYVLVSRRVVPHDCLDTFVT
IADSLVVPATVEFLHPTHNFAIVKYDPELVKAPLITPKLSTTRMKRGDKLQFIGFTQNDR
IVTSETTVTDISSVSIPSNLIPRYRATNLEAISIDCNVSTRCNSGILTDNDGTVRGLWLP
FLGERLENKEKVYLMGLDIMDCREVIDILKNGGKPRVSIVDAGFGSISVLQARIRGVPEE
WIMRMEHESNNRLQFITVSRVSYTEDKIHLETGDVILSVNGKLVTEMNDLNGVVSSADGI
LPSAMLDFKVVRDGNIVDLKIKTVEVQETDRFVIFAGSILQKPHHAVLQAMVDVPKGVYC
TFRGESSPALQYGISATNFITHVNEIETPDLDTFLKVVKTIPDNSYCKMRLMTFDNVPFA
ISLKTNYHYFPTAELKRDNITHKWIEKEFTGNSQSEK",997,,IPR001940|IPR009003|IPR001478,GO:0008236|GO:0030163|GO:0034605|GO:0006915|GO:0005634|GO:0008233|GO:0006508|GO:0004252|GO:0003824|GO:0044255|GO:0016787,nucleus,caspase independent,14657274|16608876|19808885|19250922|17207637|20075938
A10,NUC1,,YJL208C,P08466,S000003744,"Major mitochondrial nuclease, has RNAse and DNA endo- and exonucleolytic activities; has roles in mitochondrial recombination, apoptosis and maintenance of polyploidy",">sp|P08466|NUC1_YEAST Mitochondrial nuclease OS=Saccharomyces cerevisiae (strain ATCC 204508 / S288c) GN=NUC1 PE=1 SV=1
MCSRILLSGLVGLGAGTGLTYLLLNKHSPTQIIETPYPPTQKPNSNIQSHSFNVDPSGFF
KYGFPGPIHDLQNREEFISCYNRQTQNPYWVLEHITPESLAARNADRKNSFFKEDEVIPE
KFRGKLRDYFRSGYDRGHQAPAADAKFSQQAMDDTFYLSNMCPQVGEGFNRDYWAHLEYF
CRGLTKKYKSVRIVTGPLYLPKKDPIDNKFRVNYEVIGNPPSIAVPTHFFKLIVAEAPTA
NPAREDIAVAAFVLPNEPISNETKLTDFEVPIDALERSTGLELLQKVPPSKKKALCKEVN
CQIVVRDFSNAAIKQSKDVKLLPPPKKRN",329,"Kap123p, a protein involved in nuclear import, is required for Nuc1p-mediated death",IPR001604|IPR020821|IPR018524,GO:0090305|GO:0005743|GO:0016787|GO:0046872|GO:0004518|GO:0004519|GO:0005739|GO:0016020|GO:0005634|GO:0006915|GO:0006308|GO:0006401|GO:0004540|GO:0006310|GO:0004520|GO:0004529|GO:0003676,mitochondria|nucleus,caspase independent|histone modification|mitochondrial membrane permeabilization,17244531|18782613|19250922|20075938
A11,OYE2,,YHR179W,Q03558,S000001222,"Conserved NADPH oxidoreductase containing flavin mononucleotide (FMN); responsible for geraniol reduction into citronellol during fermentation; homologous to Oye3p with different ligand binding and catalytic properties; may be involved in sterol metabolism, oxidative stress response, and programmed cell death; protein abundance increases in response to DNA replication stress
",">sp|Q03558|OYE2_YEAST NADPH dehydrogenase 2 OS=Saccharomyces cerevisiae (strain ATCC 204508 / S288c) GN=OYE2 PE=1 SV=3
MPFVKDFKPQALGDTNLFKPIKIGNNELLHRAVIPPLTRMRAQHPGNIPNRDWAVEYYAQ
RAQRPGTLIITEGTFPSPQSGGYDNAPGIWSEEQIKEWTKIFKAIHENKSFAWVQLWVLG
WAAFPDTLARDGLRYDSASDNVYMNAEQEEKAKKANNPQHSITKDEIKQYVKEYVQAAKN
SIAAGADGVEIHSANGYLLNQFLDPHSNNRTDEYGGSIENRARFTLEVVDAVVDAIGPEK
VGLRLSPYGVFNSMSGGAETGIVAQYAYVLGELERRAKAGKRLAFVHLVEPRVTNPFLTE
GEGEYNGGSNKFAYSIWKGPIIRAGNFALHPEVVREEVKDPRTLIGYGRFFISNPDLVDR
LEKGLPLNKYDRDTFYKMSAEGYIDYPTYEEALKLGWDKN",400,,,GO:0005737|GO:0006915|GO:0005739|GO:0055114|GO:0052690|GO:0018548|GO:0016491|GO:0003959|GO:0003824|GO:0010181|GO:0005634,,,17897954
A12,OYE3,ZRG6,YPL171C,P41816,S000006092,"Conserved NADPH oxidoreductase containing flavin mononucleotide (FMN), homologous to Oye2p with different ligand binding and catalytic properties; has potential roles in oxidative stress response and programmed cell death",">sp|P41816|OYE3_YEAST NADPH dehydrogenase 3 OS=Saccharomyces cerevisiae (strain ATCC 204508 / S288c) GN=OYE3 PE=1 SV=2
MPFVKGFEPISLRDTNLFEPIKIGNTQLAHRAVMPPLTRMRATHPGNIPNKEWAAVYYGQ
RAQRPGTMIITEGTFISPQAGGYDNAPGIWSDEQVAEWKNIFLAIHDCQSFAWVQLWSLG
WASFPDVLARDGLRYDCASDRVYMNATLQEKAKDANNLEHSLTKDDIKQYIKDYIHAAKN
SIAAGADGVEIHSANGYLLNQFLDPHSNKRTDEYGGTIENRARFTLEVVDALIETIGPER
VGLRLSPYGTFNSMSGGAEPGIIAQYSYVLGELEKRAKAGKRLAFVHLVEPRVTDPSLVE
GEGEYSEGTNDFAYSIWKGPIIRAGNYALHPEVVREQVKDPRTLIGYGRFFISNPDLVYR
LEEGLPLNKYDRSTFYTMSAEGYTDYPTYEEAVDLGWNKN",400,,,GO:0010181|GO:0003824|GO:0016491|GO:0055114|GO:0052690|GO:0005575|GO:0003959|GO:0018548|GO:0006915,,,17897954|15851100
A13,PET9,AAC2| ANC2,YBL030C,P18239,S000000126,"Major ADP/ATP carrier of the mitochondrial inner membrane; exchanges cytosolic ADP for mitochondrially synthesized ATP; also imports heme and ATP; phosphorylated; required for viability in many lab strains that carry a sal1 mutation; PET9 has a paralog, AAC3, that arose from the whole genome duplication; Also known as: OP1
",">sp|P18239|ADT2_YEAST ADP,ATP carrier protein 2 OS=Saccharomyces cerevisiae (strain ATCC 204508 / S288c) GN=PET9 PE=1 SV=2
MSSNAQVKTPLPPAPAPKKESNFLIDFLMGGVSAAVAKTAASPIERVKLLIQNQDEMLKQ
GTLDRKYAGILDCFKRTATQEGVISFWRGNTANVIRYFPTQALNFAFKDKIKAMFGFKKE
EGYAKWFAGNLASGGAAGALSLLFVYSLDYARTRLAADSKSSKKGGARQFNGLIDVYKKT
LKSDGVAGLYRGFLPSVVGIVVYRGLYFGMYDSLKPLLLTGSLEGSFLASFLLGWVVTTG
ASTCSYPLDTVRRRMMMTSGQAVKYDGAFDCLRKIVAAEGVGSLFKGCGANILRGVAGAG
VISMYDQLQMILFGKKFK",318,,IPR002067|IPR002113|IPR023395|IPR018108,GO:0005743|GO:0015886|GO:0005215|GO:0006915|GO:0055085|GO:0006810|GO:0016020|GO:0016021|GO:0005739|GO:0015867|GO:0015866|GO:0009060|GO:0006839|GO:0009061|GO:0005471,mitochondria,mitochondrial membrane permeabilization,17244531|17822411|19250922|20075938
A14,POR1,OMP2,YNL055C,P04840,S000005000,"Mitochondrial porin (voltage-dependent anion channel); outer membrane protein required for the maintenance of mitochondrial osmotic stability and mitochondrial membrane permeability; phosphorylated; protein abundance increases in response to DNA replication stress; POR1 has a paralog, POR2, that arose from the whole genome duplication; Also known as: YVDAC1 , VDAC
",">sp|P04840|VDAC1_YEAST Mitochondrial outer membrane protein porin 1 OS=Saccharomyces cerevisiae (strain ATCC 204508 / S288c) GN=POR1 PE=1 SV=4
MSPPVYSDISRNINDLLNKDFYHATPAAFDVQTTTANGIKFSLKAKQPVKDGPLSTNVEA
KLNDKQTGLGLTQGWSNTNNLQTKLEFANLTPGLKNELITSLTPGVAKSAVLNTTFTQPF
FTARGAFDLCLKSPTFVGDLTMAHEGIVGGAEFGYDISAGSISRYAMALSYFAKDYSLGA
TLNNEQITTVDFFQNVNAFLQVGAKATMNCKLPNSNVNIEFATRYLPDASSQVKAKVSDS
GIVTLAYKQLLRPGVTLGVGSSFDALKLSEPVHKLGWSLSFDA",283,,IPR027246|IPR001925|IPR023614,GO:0005741|GO:0044070|GO:0005737|GO:0045454|GO:0006915|GO:0008308|GO:0006811|GO:0007005|GO:0031307|GO:0006820|GO:0055085|GO:0046930|GO:0016021|GO:0016020|GO:0015288|GO:0006810|GO:0005739|GO:0051027,mitochondria,mitochondrial membrane permeabilization,17244531|17822411|17881727|19250922|20075938
A15,RNY1,,YPL123C,Q02933,S000006044,"Vacuolar RNase of the T(2) family, relocalizes to the cytosol where it cleaves tRNAs upon oxidative or stationary phase stress; promotes apoptosis under stress conditions and this function is independent of its catalytic activity",">sp|Q02933|RNY1_YEAST Ribonuclease T2-like OS=Saccharomyces cerevisiae (strain ATCC 204508 / S288c) GN=RNY1 PE=1 SV=1
MLLKNLHSLLQLPIFSNGADKGIEPNCPINIPLSCSNKTDIDNSCCFEYPGGIFLQTQFW
NYFPSKNDLNETELVKELGPLDSFTIHGLWPDNCHGGYQQFCNRSLQIDDVYYLLHDKKF
NNNDTSLQISGEKLLEYLDLYWKSNNGNHESLWIHEFNKHGTCISTIRPECYTEWGANSV
DRKRAVYDYFRITYNLFKKLDTFSTLEKNNIVPSVDNSYSLEQIEAALSKEFEGKKVFIG
CDRHNSLNEVWYYNHLKGSLLSEMFVPMDSLAIRTNCKKDGIKFFPKGYVPTFRRRPNKG
ARYRGVVRLSNINNGDQMQGFLIKNGHWMSQGTPANYELIKSPYGNYYLRTNQGFCDIIS
SSSNELVCKFRNIKDAGQFDFDPTKGGDGYIGYSGNYNWGGDTYPRRRNQSPIFSVDDEQ
NSKKYKFKLKFIKN",434,,IPR001568| IPR018188,GO:0090305|GO:0000902|GO:0004519|GO:0016787|GO:0005737|GO:0005775|GO:0005773|GO:0004521|GO:0005829|GO:0006915|GO:0006401|GO:0003723|GO:0033897|GO:0005576|GO:0004518,cytoplasm,,19332891|20075938
A16,SNL1,,YIL016W,P40548,S000001278,"Ribosome-associated protein proposed to act in protein synthesis and nuclear pore complex biogenesis and maintenance as well as protein folding; has similarity to the mammalian BAG-1 protein
",">sp|P40548|SNL1_YEAST HSP70 co-chaperone SNL1 OS=Saccharomyces cerevisiae (strain ATCC 204508 / S288c) GN=SNL1 PE=1 SV=1
MSHNAMEHWKSKLSKTSTSTYVLLAVIAVVFLVTIRRPNGSKGKSSKKRASKKNKKGKNQ
FEKAPVPLTLEEQIDNVSLRYGNELEGRSKDLINRFDVEDEKDIYERNYCNEMLLKLLIE
LDSIDLINVDESLRRPLKEKRKGVIKEIQAMLKSLDSLK",159,,IPR003103,GO:0022626|GO:0005789|GO:0005634|GO:0016020|GO:0005783|GO:0016021|GO:0051087|GO:0031965|GO:0005739|GO:0006457|GO:0006999|GO:0005635|GO:0043022,,,12105220
A17,TDH2,GLD2,YJR009C,P00358,S000003769,"Glyceraldehyde-3-phosphate dehydrogenase, isozyme 2; involved in glycolysis and gluconeogenesis; tetramer that catalyzes the reaction of glyceraldehyde-3-phosphate to 1,3 bis-phosphoglycerate; detected in the cytoplasm and cell wall; protein abundance increases in response to DNA replication stress; TDH2 has a paralog, TDH3, that arose from the whole genome duplication",">sp|P00358|G3P2_YEAST Glyceraldehyde-3-phosphate dehydrogenase 2 OS=Saccharomyces cerevisiae (strain ATCC 204508 / S288c) GN=TDH2 PE=1 SV=3
MVRVAINGFGRIGRLVMRIALQRKNVEVVALNDPFISNDYSAYMFKYDSTHGRYAGEVSH
DDKHIIVDGHKIATFQERDPANLPWASLNIDIAIDSTGVFKELDTAQKHIDAGAKKVVIT
APSSTAPMFVMGVNEEKYTSDLKIVSNASCTTNCLAPLAKVINDAFGIEEGLMTTVHSMT
ATQKTVDGPSHKDWRGGRTASGNIIPSSTGAAKAVGKVLPELQGKLTGMAFRVPTVDVSV
VDLTVKLNKETTYDEIKKVVKAAAEGKLKGVLGYTEDAVVSSDFLGDSNSSIFDAAAGIQ
LSPKFVKLVSWYDNEYGYSTRVVDLVEHVAKA",332,,IPR020831|IPR006424|IPR020828|IPR020829|IPR020830,GO:0006096|GO:0009277|GO:0006094|GO:0050661|GO:0005737|GO:0000166|GO:0005739|GO:0004365|GO:0005811|GO:0072593|GO:0055114|GO:0016491|GO:0051287|GO:0016620|GO:0006006|GO:0006915|GO:0005886,,,17726063|19390637
A18,TDH3,GLD1| HSP35| HSP36| SSS2,YGR192C,P00359,S000003424,"Glyceraldehyde-3-phosphate dehydrogenase, isozyme 3; involved in glycolysis and gluconeogenesis; tetramer that catalyzes the reaction of glyceraldehyde-3-phosphate to 1,3 bis-phosphoglycerate; detected in the cytoplasm and cell wall; TDH3 has a paralog, TDH2, that arose from the whole genome duplication",">sp|P00359|G3P3_YEAST Glyceraldehyde-3-phosphate dehydrogenase 3 OS=Saccharomyces cerevisiae (strain ATCC 204508 / S288c) GN=TDH3 PE=1 SV=3
MVRVAINGFGRIGRLVMRIALSRPNVEVVALNDPFITNDYAAYMFKYDSTHGRYAGEVSH
DDKHIIVDGKKIATYQERDPANLPWGSSNVDIAIDSTGVFKELDTAQKHIDAGAKKVVIT
APSSTAPMFVMGVNEEKYTSDLKIVSNASCTTNCLAPLAKVINDAFGIEEGLMTTVHSLT
ATQKTVDGPSHKDWRGGRTASGNIIPSSTGAAKAVGKVLPELQGKLTGMAFRVPTVDVSV
VDLTVKLNKETTYDEIKKVVKAAAEGKLKGVLGYTEDAVVSSDFLGDSHSSIFDASAGIQ
LSPKFVKLVSWYDNEYGYSTRVVDLVEHVAKA",332,The yeast GAPDH paralogue Tdh3 interacts genetically with Sir2,IPR020831|IPR006424|IPR020828|IPR020829|IPR020830,GO:0006094|GO:0005737|GO:0005811|GO:0004365|GO:0055114|GO:0051287|GO:0016620|GO:0006006|GO:0006915|GO:0050661|GO:0000166|GO:0005739|GO:0016491|GO:0006096|GO:0072593|GO:0005886|GO:0009277,,,17726063|19390637
A19,TIM18,,YOR297C,Q08749,S000005823,"Component of the mitochondrial TIM22 complex involved in insertion of polytopic proteins into the inner membrane; may mediate assembly or stability of the complex
",">sp|Q08749|TIM18_YEAST Mitochondrial import inner membrane translocase subunit TIM18 OS=Saccharomyces cerevisiae (strain ATCC 204508 / S288c) GN=TIM18 PE=1 SV=1
MLLFPGLKPVLNASTVIVNPVRAVFPGLVLSTKRSFYSINRLNAENKINDIANTSKEASS
SVQMFKPPEFSQFKDSYQKDYERIAKYTLIPLTMVPFYASFTGGVINPLLDASLSSIFLI
YLQYGFTSCIIDYIPKGKYPRWHKLALYCLYGGSMLSLYGIYELETKNNGFVDLVKKLWN
ENDDHLYIFGRN",192,,IPR007992,GO:0001101|GO:0006970|GO:0042721|GO:0005739|GO:0005740|GO:0016020|GO:0015031|GO:0005743|GO:0006915|GO:0046685|GO:0045039|GO:0015266|GO:0034599|GO:0016021|GO:0006810,,,17922641
A20,YMR074C,,YMR074C,Q04773,S000004678,Protein with homology to human PDCD5; PDCD5 is involved in programmed cell death; N-terminal region forms a conserved triple-helix bundle structure; overexpression promotes H2O2-induced apoptosis; YMR074C is not an essential gene; protein abundance increases in response to DNA replication stress,">sp|Q04773|YMW4_YEAST Uncharacterized protein YMR074C OS=Saccharomyces cerevisiae (strain ATCC 204508 / S288c) GN=YMR074C PE=1 SV=1
MDPELQAIREARLAQLKNNSGGTNGDRNSGANNGGGENSAPVGAAIANFLEPQALERLSR
VALVRRDRAQAVETYLKKLIATNNVTHKITEAEIVSILNGIAKQQNSQNNSKIIFERKDF
SEDLNSFDKQNAKNDDDEDDDDFFD",145,,IPR002836,GO:0003677|GO:0006915|GO:0003674|GO:0005737|GO:0005634,,,19469552
A21,YSP2,,YDR326C,Q06681,S000002734,"Protein involved in programmed cell death; mutant shows resistance to cell death induced by amiodarone or intracellular acidification; YSP2 has a paralog, YHR080C, that arose from the whole genome duplication",">sp|Q06681|YSP2_YEAST GRAM domain-containing protein YSP2 OS=Saccharomyces cerevisiae (strain ATCC 204508 / S288c) GN=YSP2 PE=1 SV=1
MRDEATRKKRSFSDGHFFKKLKLMSRKKQPVMERSKTTRTRKESTNSAAKSSLSLRRANN
GRKTIAKRRVLTDIGSTNEGVAGNSGSNSPAQYSHTPHFSDSIPPLPLELPDIVSIRSSR
SHISNKSNKNKHGIDLTFIPRRSLQNSKAGLKKPNTSPQGYFNIPVTIDRASEKVKHTDT
KNTFNSSSSENERPVLSILQKDDSQSSSHPAIDSMSAPNNINNNNDIENSSNSLFDTILS
IAHSAISHVPKISALNTEIQREFSHSGESHTGSTRHPYFHIHHAQQQHPLSQQQGPLPVS
ENANQNPNDTVLIHSPSANTAHRSSSFLRHLDYLLSPTSGPASDKHTQVEEGDDEEELSP
LSKAFLSPSTQLVPTNTSTTPLSGSLTPNNRNVNANSNSETENDNDRDDRSNVGKVKFQP
LKVHEPAISTFGKGNLTLEAVAGSSDIDNTTIDLDENNTNNNPNASSTNLSHISKSNVNN
NLGPKELNTSYRNSTYIDMARFENSQSNLSSHRARSKTLPANKALENAVGDEGNSKRNSR
YSSYSNDMAFDDADERKFRSMSKKFLNRRSFSPSNLGNKVIPGINLRNSFNKNRNSSSDF
FSTNQGQQMPRTSTAGSGNIHAIMGLDSGNDDFKLEGIEYASEKKNSEFHTLFKDCDINP
NEKLIVDHSCALSRDILLQGRMYISDAHIGFFSNILGWVSTVFIPFKEIVQIEKKTTAGI
FPNGIVIDTLHTKYIFASFMSRDATFDLITDVWNQIILGKKYRNGFGNNDDGTISDSSSA
FFDDSDDNDDDGDLDDDDPDINSTDMTSSDDIDADVFNESNDLGKNQKSTNYLLGPNKHS
PTTADFKPSNNDHLVIEANINAPLGKVVNLLYGEDVSYYERILKAQKNFEISPIPNNFLT
KKIRDYAYTKPLSGSIGPSKTKCLITDTLEHYDLEDYVKVLSITKNPDVPSGNIFSVKTV
FLFSWDKNNSTKLTVYNSVDWTGKSWIKSMIEKGTFDGVADTTKIMISEIKKILSDEDSN
INSKHQASNNESEEEIINLPTIGPPVHDPTEPDFQKGKDDTVIDEKINIPVPLGTVFSLL
YGDDTSYIKKIIENQNNFNVCDIPKFVNNAREITYTKKLNNSFGPKQTKCIVTETIEHMD
LNSFFMVKQIVRSPDVPYGSSFSVHTRFFYSWGDHNTTNMKVVTNVVWTGKSMLKGTIEK
GSIDGQRSSTKQLVDDLKKIISNASSTKKKSRRRGKTVNKRKSSPSTIKNEKNEENFEDT
STKNSFFSAFSMLQQVNITSVQGIMTIISFFICLIFFFRLLFHSKNTSNIQIITPGTILI
NGNEYNYVPNFKTLYHVYEDNIIKDARRKDSNKNNIVTDTEGLIWDWLIDRGNGTVQNSV
LSNHIKESNNKKVKLVNGVSDHKIQQLVESIKITELQLQEMKELLAQTDNTSATNQLL",1438,,IPR004182,GO:0016020|GO:0031966|GO:0006915|GO:0016021|GO:0005739|GO:0003674,mitochondria,cytochrome c release|mitochondrial fragmentation|mitochondrial membrane permeabilization,16962064
A22,YBL055C,,YBL055C,P34220,S000000151,"3'-->5' exonuclease and endonuclease with a possible role in apoptosis; has similarity to mammalian and C. elegans apoptotic nucleases; Also known as: Tat-D
",">sp|P34220|YBF5_YEAST Deoxyribonuclease Tat-D OS=Saccharomyces cerevisiae (strain ATCC 204508 / S288c) GN=YBL055C PE=1 SV=1
MWGILLKSSNKSCSRLWKPILTQYYSMTSTATDSPLKYYDIGLNLTDPMFHGIYNGKQYH
PADYVKLLERAAQRHVKNALVTGSSIAESQSAIELVSSVKDLSPLKLYHTIGVHPCCVNE
FADASQGDKASASIDNPSMDEAYNESLYAKVISNPSFAQGKLKELYDLMNQQAKPHDTSF
RSIGEIGLDYDRFHYSSKEMQKVFFEEQLKISCLNDKLSSYPLFLHMRSACDDFVQILER
FIAGFTDERDTFQLQKLGASSSSGFYKFHPDRKLVVHSFTGSAIDLQKLLNLSPNIFIGV
NGCSLRTEENLAVVKQIPTERLLLETDAPWCEIKRTHASFQYLAKYQEVRDFEYPAFKSV
KKNKLADKLNAEELYMVKGRNEPCNMEQVAIVVSEVKDVDLATLIDTTWKTTCKIFGE",418,,IPR001130|IPR018228,GO:0006309|GO:0005737|GO:0034599|GO:0004519|GO:0008296|GO:0046872|GO:0004518|GO:0016787|GO:0016888,nucleus,caspase independent|DNA fragmentation,15657035|17207637
A23,FYV10,GID9,YIL097W,P40492,S000001359,"Subunit of GID complex; involved in proteasome-dependent catabolite inactivation of gluconeogenic enzymes FBPase, PEPCK, and c-MDH; forms dimer with Rmd5p that is then recruited to GID Complex by Gid8p; contains a degenerate RING finger motif needed for GID complex ubiquitin ligase activity in vivo, as well as CTLH and CRA domains; plays role in anti-apoptosis; required for survival upon exposure to K1 killer toxin
",">sp|P40492|FYV10_YEAST Protein FYV10 OS=Saccharomyces cerevisiae (strain ATCC 204508 / S288c) GN=FYV10 PE=1 SV=1
MAEKSIFNEPDVDFHLKLNQQLFHIPYELLSKRIKHTQAVINKETKSLHEHTAALNQIFE
HNDVEHDELALAKITEMIRKVDHIERFLNTQIKSYCQILNRIKKRLEFFHELKDIKSQNS
GTSHNGNNEGTRTKLIQWYQSYTNILIGDYLTRNNPIKYNSETKDHWNSGVVFLKQSQLD
DLIDYDVLLEANRISTSLLHERNLLPLISWINENKKTLTKKSSILEFQARLQEYIELLKV
DNYTDAIVCFQRFLLPFVKSNFTDLKLASGLLIFIKYCNDQKPTSSTSSGFDTEEIKSQS
LPMKKDRIFQHFFHKSLPRITSKPAVNTTDYDKSSLINLQSGDFERYLNLLDDQRWSVLN
DLFLSDFYSMYGISQNDPLLIYLSLGISSLKTRDCLHPSDDENGNQETETATTAEKEVED
LQLFTLHSLKRKNCPVCSETFKPITQALPFAHHIQSQLFENPILLPNGNVYDSKKLKKLA
KTLKKQNLISLNPGQIMDPVDMKIFCESDSIKMYPT",516,,IPR006595|IPR024964|IPR027370,GO:0005634|GO:0004842|GO:0045721|GO:0005737|GO:0034657|GO:0043066|GO:0043161,cytoplasm,anti-apoptosis,18355271|19250922
A24,SNO1,,YMR095C,Q03144,S000004701,"Protein of unconfirmed function, involved in pyridoxine metabolism; expression is induced during stationary phase; forms a putative glutamine amidotransferase complex with Snz1p, with Sno1p serving as the glutaminase
",">sp|Q03144|SNO1_YEAST Probable glutamine amidotransferase SNO1 OS=Saccharomyces cerevisiae (strain ATCC 204508 / S288c) GN=SNO1 PE=1 SV=1
MHKTHSTMSGKSMKVIGVLALQGAFLEHTNHLKRCLAENDYGIKIEIKTVKTPEDLAQCD
ALIIPGGESTSMSLIAQRTGLYPCLYEFVHNPEKVVWGTCAGLIFLSAQLENESALVKTL
GVLKVDVRRNAFGRQAQSFTQKCDFSNFIPGCDNFPATFIRAPVIERILDPIAVKSLYEL
PVNGKDVVVAATQNHNILVTSFHPELADSDTRFHDWFIRQFVSN",224,,,GO:0006541|GO:0003674|GO:0008615|GO:0008614|GO:0005737|GO:0009228|GO:0016740|GO:0043066,cytoplasm,anti-apoptosis,18355271|19250922
A25,STM1,MPT4,YLR150W,P39015,S000004140,"Protein required for optimal translation under nutrient stress; perturbs association of Yef3p with ribosomes; involved in TOR signaling; binds G4 quadruplex and purine motif triplex nucleic acid; helps maintain telomere structure; protein abundance increases in response to DNA replication stress; serves as a ribosome preservation factor both during quiescence and recovery
",">sp|P39015|STM1_YEAST Suppressor protein STM1 OS=Saccharomyces cerevisiae (strain ATCC 204508 / S288c) GN=STM1 PE=1 SV=3
MSNPFDLLGNDVEDADVVVLPPKEIVKSNTSSKKADVPPPSADPSKARKNRPRPSGNEGA
IRDKTAGRRNNRSKDVTDSATTKKSNTRRATDRHSRTGKTDTKKKVNQGWGDDKKELSAE
KEAQADAAAEIAEDAAEAEDAGKPKTAQLSLQDYLNQQANNQFNKVPEAKKVELDAERIE
TAEKEAYVPATKVKNVKSKQLKTKEYLEFDATFVESNTRKNFGDRNNNSRNNFNNRRGGR
GARKGNNTANATNSANTVQKNRNIDVSNLPSLA",273,,,GO:0003677|GO:0005737|GO:0000723|GO:0031929|GO:0042162|GO:0043066|GO:0043558|GO:0045142|GO:0006414|GO:0005844|GO:0005634|GO:0048471|GO:0022626,nucleus,DNA fragmentation|protein degradation,11514626|16580682|17587229
A26,NDI1,,YML120C,P32340,S000004589,"NADH:ubiquinone oxidoreductase; transfers electrons from NADH to ubiquinone in the respiratory chain but does not pump protons, in contrast to the higher eukaryotic multisubunit respiratory complex I; phosphorylated; involved in Mn and H2O2 induced apoptosis; upon apoptotic stress, Ndip is activated in the mitochondria by N-terminal cleavage, and the truncated protein translocates to the cytoplasm to induce apoptosis; homolog of human AMID
",">sp|P32340|NDI1_YEAST Rotenone-insensitive NADH-ubiquinone oxidoreductase, mitochondrial OS=Saccharomyces cerevisiae (strain ATCC 204508 / S288c) GN=NDI1 PE=1 SV=1
MLSKNLYSNKRLLTSTNTLVRFASTRSTGVENSGAGPTSFKTMKVIDPQHSDKPNVLILG
SGWGAISFLKHIDTKKYNVSIISPRSYFLFTPLLPSAPVGTVDEKSIIEPIVNFALKKKG
NVTYYEAEATSINPDRNTVTIKSLSAVSQLYQPENHLGLHQAEPAEIKYDYLISAVGAEP
NTFGIPGVTDYGHFLKEIPNSLEIRRTFAANLEKANLLPKGDPERRRLLSIVVVGGGPTG
VEAAGELQDYVHQDLRKFLPALAEEVQIHLVEALPIVLNMFEKKLSSYAQSHLENTSIKV
HLRTAVAKVEEKQLLAKTKHEDGKITEETIPYGTLIWATGNKARPVITDLFKKIPEQNSS
KRGLAVNDFLQVKGSNNIFAIGDNAFAGLPPTAQVAHQEAEYLAKNFDKMAQIPNFQKNL
SSRKDKIDLLFEENNFKPFKYNDLGALAYLGSERAIATIRSGKRTFYTGGGLMTFYLWRI
LYLSMILSARSRLKVFFDWIKLAFFKRDFFKGL",513,,IPR013027|IPR023753|IPR001327,GO:0005739|GO:0008137|GO:0016020|GO:0016491|GO:0055114|GO:0050660|GO:0005743|GO:0006116|GO:0006120|GO:0043065|GO:0001300|GO:0005759,mitochondria,ROS production,16436509|18782613|17207637|20075938
A27,STE20,,YHL007C,Q03497,S000000999,"Cdc42p-activated signal transducing kinase of the PAK (p21-activated kinase) family; involved in pheromone response, pseudohyphal/invasive growth, vacuole inheritance, down-regulation of sterol uptake; GBB motif binds Ste4p",">sp|Q03497|STE20_YEAST Serine/threonine-protein kinase STE20 OS=Saccharomyces cerevisiae (strain ATCC 204508 / S288c) GN=STE20 PE=1 SV=1
MSNDPSAVSELPDKDSLDNGISNDNERAMGGNGDGGDGLRLPRTTGTLNVNALQKGTNAA
HEAGGYKSMDPAKNAETTNDDDNNVVSLDDPIQFTRVSSSSVISGMSSSMSPHSNIDETK
SLEAVTPNINTSNITPDHSADNTFSTINASESDHQFNDTLLSKLSLTDSTETIENNATVK
HQQPVASSTVNSNKSSTDIRRATPVSTPVISKPSMTTTPRQINSASHSLSNPKHKQHKPK
VKPSKPEAKSKPVSVKKSFPSKNPLKNSSPPKKQTEKSYYSSSSKKRKSGSNSGTLRMKD
VFTSFVQNIKRNSQDDKRASSSSNNSSSSSITTALRISTPYNAKHIHHVGVDSKTGEYTG
LPEEWEKLLTSSGISKREQQQNMQAVMDIVKFYQDVTETNGEDKMFKTFNTTTGLPGSPQ
VSTPPANSFNKFPPSTSDSHNYGSRTGTPMSNHVMSPTLNTDSSSANGKFIPSRPAPKPP
SSASASAPIIKSPVMNSAANVSPLKQTHAPTTPNRTSPNRSSISRNATLKKEEQPLPPIP
PTKSKTSPIISTAHTPQQVAQSPKAPAQETVTTPTSKPAQARSLSKELNEKKREERERRK
KQLYAKLNEICSDGDPSTKYANLVKIGQGASGGVYTAYEIGTNVSVAIKQMNLEKQPKKE
LIINEILVMKGSKHPNIVNFIDSYVLKGDLWVIMEYMEGGSLTDVVTHCILTEGQIGAVC
RETLSGLEFLHSKGVLHRDIKSDNILLSMEGDIKLTDFGFCAQINELNLKRTTMVGTPYW
MAPEVVSRKEYGPKVDIWSLGIMIIEMIEGEPPYLNETPLRALYLIATNGTPKLKEPENL
SSSLKKFLDWCLCVEPEDRASATELLHDEYITEIAEANSSLAPLVKLARLKKVAENMDAD
EDNDDDNDNEHINKTNNCDDNNDSKETVNLDVTEDDKQK",939,"Upon exposure to an apoptotic stimulus, the histone deacetylase Hos3p deacetylates K11 and allows Ste20p to phosphorylate S10, required for apoptotic cell death",IPR000095|IPR011009|IPR000719|IPR002290|IPR017441|IPR008271,GO:0043332|GO:0034063|GO:0000282|GO:0006468|GO:0000131|GO:0035376|GO:0007096|GO:0001403|GO:0004674|GO:0005524|GO:0016301|GO:0016310|GO:0019236|GO:0034605|GO:0008349|GO:0035174|GO:0000185|GO:0007232|GO:0000750|GO:0007124|GO:0001402|GO:0043065|GO:0010629|GO:0005886|GO:0005634|GO:0005737|GO:0000011|GO:0000166|GO:0004672|GO:0007049|GO:0016740|GO:0016772,cytoplasm|nucleus,caspase independent|histone modification|pheromone induced cell death,15652479|11937036|17052455|17052450|15970663|19250922|17207637|20075938
A28,TAH18,,YPR048W,Q12181,S000006252,"Conserved NAPDH-dependent diflavin reductase; component of an early step in the cytosolic Fe-S protein assembly (CIA) machinery; transfers electrons from NADPH to the Fe-S cluster of Dre2p; plays a pro-death role under oxidative stress; Tah18p-dependent nitric oxide synthesis confers high-temperature stress tolerance
",">sp|Q12181|TAH18_YEAST Probable NADPH reductase TAH18 OS=Saccharomyces cerevisiae (strain ATCC 204508 / S288c) GN=TAH18 PE=1 SV=1
MSSSKKIVILYGSETGNAHDFATILSHRLHRWHFSHTFCSIGDYDPQDILKCRYLFIICS
TTGQGELPRNVNALKGERPVTFWSFLKRKNLPSNLLNHIQTAMLGLGDSSYPKFNYGIRK
LHQRIVTQLGANELFDRLEADDQAMAGSNKGTGLGIESVYFEYEKKVLSFLLSKYPNRKV
NGQIIKREELDPEVYLEPASYLQLSDEHANEKFTSTKVIFEGDESLKVGRVNINKRITSE
GHFQDVRQFKFSNVDKIQENYEPGDTVTIYPCNTDEDVSRFLANQSHWLEIADKPLNFTS
GVPNDLKDGGLVRPMTLRNLLKYHCDFMSIPRTSFFLKIWTFATDVTKMERGQEQLNDQR
EKLRQFATDQDMQDLYDYCNRPRRSILEVLEDFISVKLPWKYVLDYLPIIKPRYYSISSG
PGDPNIELTVAIVKYKTILRKIRRGICTNYIARLQEGEQIRYKLQNNHIIKKEFLNKPMI
LVGPGVGLAPLLSVVKAEISKDIKLLFGCRYKDKDYIYKDMLEDWFRKGKIALHSSFSRD
EENSPGVKYVQDYLWRLGEEITNLVVNKDAVFFLCGSSGKMPIQVRLTFIEMLKKWGNFS
DEETAKKYLKEMEKSDRYIQETW",623,Dre2-Tah18 complex controls mitochondria integrity and cell death after oxidative stress in yeast,IPR001094|IPR008254|IPR017938|IPR017927|IPR003097|IPR023173|IPR001433|IPR001709,GO:0010181|GO:0016491|GO:0005506|GO:0006809|GO:0005739|GO:0016651|GO:0055114|GO:0016226,cytoplasm|mitochondria,,19194512|20802492
A29,PDS1,,YDR113C,P40316,S000002520,"Securin, inhibits anaphase by binding separin Esp1p; blocks cyclin destruction and mitotic exit, essential for meiotic progression and mitotic cell cycle arrest; localization is cell-cycle dependent and regulated by Cdc28p phosphorylation
",">sp|P40316|SECU_YEAST Securin OS=Saccharomyces cerevisiae (strain ATCC 204508 / S288c) GN=PDS1 PE=1 SV=1
MMPANEDKENNIVYTGNESSGINFPQTPAHLLKRSHSNILKPPVRLDQLKRDANSNNGNT
LKYIQGGKEVSPTKRLHTHAQQQGRLPLAAKDNNRSKSFIFPETSNQSKDADLPQLQNTL
SIRKNDQLRKLSQISRSRSRANHNDLLSNSRKLQKYGSVLGYNALPKMKSLVLKDLADSG
KNEESSDDDEGNEDSESKLGKKLQSALLKQDSSDGENELNGGLGLFNEQGGLQQLIKNST
KNEQKTKNDKSDKTDDYDIEIAPQRQEPLPYVPEGYSPFQQDDIEKLKTFNSPYKLDLED
EDDTPDKVDLLPLEQIDEEGEKDETECITRNQEEGAALPLLSKNFKEVAAVPTMELVYSE
EGLDPEELEDLVT",373,"When apoptosis is induced, Esp1 is released from the anaphase inhibitor Pds1",IPR006940,GO:0005634|GO:0005737|GO:0051301|GO:0000070|GO:0019899|GO:0000725|GO:0051276|GO:0006259|GO:0007067|GO:0005819|GO:0008104|GO:0007127|GO:0007049|GO:0007059,nucleus,caspase dependent|anti-apoptosis,18321989|19250922
A30,DNM1,,YLL001W,P54861,S000003924,"Dynamin-related GTPase required for mitochondrial fission and morphology; assembles on the cytoplasmic face of mitochondrial tubules at sites at which division will occur; also participates in endocytosis and regulating peroxisome abundance
",">sp|P54861|DNM1_YEAST Dynamin-related protein DNM1 OS=Saccharomyces cerevisiae (strain ATCC 204508 / S288c) GN=DNM1 PE=1 SV=1
MASLEDLIPTVNKLQDVMYDSGIDTLDLPILAVVGSQSSGKSSILETLVGRDFLPRGTGI
VTRRPLVLQLNNISPNSPLIEEDDNSVNPHDEVTKISGFEAGTKPLEYRGKERNHADEWG
EFLHIPGKRFYDFDDIKREIENETARIAGKDKGISKIPINLKVFSPHVLNLTLVDLPGIT
KVPIGEQPPDIEKQIKNLILDYIATPNCLILAVSPANVDLVNSESLKLAREVDPQGKRTI
GVITKLDLMDSGTNALDILSGKMYPLKLGFVGVVNRSQQDIQLNKTVEESLDKEEDYFRK
HPVYRTISTKCGTRYLAKLLNQTLLSHIRDKLPDIKTKLNTLISQTEQELARYGGVGATT
NESRASLVLQLMNKFSTNFISSIDGTSSDINTKELCGGARIYYIYNNVFGNSLKSIDPTS
NLSVLDVRTAIRNSTGPRPTLFVPELAFDLLVKPQIKLLLEPSQRCVELVYEELMKICHK
CGSAELARYPKLKSMLIEVISELLRERLQPTRSYVESLIDIHRAYINTNHPNFLSATEAM
DDIMKTRRKRNQELLKSKLSQQENGQTNGINGTSSISSNIDQDSAKNSDYDDDGIDAESK
QTKDKFLNYFFGKDKKGQPVFDASDKKRSIAGDGNIEDFRNLQISDFSLGDIDDLENAEP
PLTEREELECELIKRLIVSYFDIIREMIEDQVPKAVMCLLVNYCKDSVQNRLVTKLYKET
LFEELLVEDQTLAQDRELCVKSLGVYKKAATLISNIL",757,"Upon the apoptotic stimuli of acetic acid and hydrogen peroxide, Fis1 inhibits Dnm1- and Mdv1-mediated mitochondrial fission and cell death, indicating a prosurvival function for Fis1 and a proapoptotic function for Dnm1 and Mdv1 during cell death",IPR022812|IPR027417|IPR001401|IPR000375|IPR020850|IPR003130|IPR019762,GO:0005777|GO:0003924|GO:0005741|GO:0005739|GO:0000166|GO:0007031|GO:0000001|GO:0005525|GO:0001300|GO:0000266|GO:0006184|GO:0016020|GO:0016559|GO:0007005|GO:0042803|GO:0051260|GO:0042802|GO:0016787,mitochondria,caspase dependent|cytochrome c release|mitochondrial fragmentation,18756280|15520274|20726898|17173038|17207637|20075938
A31,MDV1,FIS2| GAG3| NET2,YJL112W,P47025,S000003648,"Peripheral protein of cytosolic face of mitochondrial outer membrane; required for mitochondrial fission; interacts with Fis1p and with the dynamin-related GTPase Dnm1p; contains WD repeats; MDV1 has a paralog, CAF4, that arose from the whole genome duplication",">sp|P47025|MDV1_YEAST Mitochondrial division protein 1 OS=Saccharomyces cerevisiae (strain ATCC 204508 / S288c) GN=MDV1 PE=1 SV=1
MSVNDQITHIGKTLSTTASAFLNYQKSNSNTQDVLTNNGPYKNLLSNTVNNASSTSYFYK
RTEHGRFVKNASNTFEDIYSKTRRGDVFRNKFTDNKTCFRMLTYISDDLLNEIPTKEGLK
SDADGKLLTEGGENENLRKNASKKETSLFQGFKSYLPIAELAIENTERLNYDTNGTSGTV
GAKDVMSKTNERDEIHTELPNFQDSFLIPPGVETKKISSSYSPSALKSFSQTLVNSLEFL
NIQKNSTLSEIRDIEVEVENLRQKKEKLLGKIANIEQNQLLLEDNLKQIDDRLDFLEEYG
LEVIEANSDENAEDDGMSERKALKNDAIRNEGVTTESISSEASNLPPRRRQQLRDDNSLN
RLGAFYSKSKKRHRKSFPTFQQLYEPGTKIGSIMSTHDDFLTCLDFDAPFGTLCTAGYLD
HTVKIWDLSKQNKIGELAGHLATINCMQINRDYGTLVTGGRDAALKLWNLNLAQQLYQET
QNLTSPTNHIDSPCVHTFEAHTDEVTALSLDPSFLVSGSQDRTIRQWDLRSGKCLQTIDL
SFANVLTTSTNVDLSKSTLLTQRNERPSIGALQSFDAALATGTKDGVVRLWDLRSGKVIR
TLKGHTDAITSLKFDSACLVTGSYDRTVRIWDLRTGLLNKFHAYSAPVLSLDLFQENAAV
VVADEPSVQIYDSEKDESWSCVEQGNETSVSTVKYKENYMVEGRENGDVNIWAV",714,"Upon the apoptotic stimuli of acetic acid and hydrogen peroxide, Fis1 inhibits Dnm1- and Mdv1-mediated mitochondrial fission and cell death, indicating a prosurvival function for Fis1 and a proapoptotic function for Dnm1 and Mdv1 during cell death",IPR015943|IPR017986|IPR001680|IPR020472|IPR019775,GO:0043130|GO:0016559|GO:0005739|GO:0016020|GO:0005741|GO:0000002|GO:0000266,mitochondria,caspase dependent|cytochrome c release|mitochondrial fragmentation,15520274|20726898|17207637|20075938
A32,WHI2,,YOR043W,P12611,S000005569,"Protein required, with binding partner Psr1p, for full activation of the general stress response, possibly through Msn2p dephosphorylation; regulates growth during the diauxic shift; negative regulator of G1 cyclin expression
",">sp|P12611|WHI2_YEAST Growth regulation protein OS=Saccharomyces cerevisiae (strain ATCC 204508 / S288c) GN=WHI2 PE=1 SV=2
MDDIITQVSPDNAESAPILQEQQQQQNSQYEGNEEDYGDSLIHLNIQENHYFITRDQLMS
LPESLLLCLFPSGVFLDRCGQVITNLTRDDEVYIVNFPPDCFEYIMEIYTKAHDDLYNHP
VEKFFDRPSSSFVSNAKGFFGLSSNNSISSNNEQDILHQKPAIIVLREDLDYYCVPQEEF
QFDSTNEENNEDLLRHFMAQVKMAAGSYLTSKTSIFQGLYSSNRLKQQQQQQKIEKGSNS
SSNTKSTSKKLGPAEQHLMDMLCSSGFTKETCWGNRTQETGKTVISSLSLCRLANETTEG
FRQKFNEAKAKWEAEHKPSQDNFITPMQSNISINSLSASKSNSTISTARNLTSGSTAPAT
ARDKRKSRLSKLADNVRSHSSSRHSSQTRSKPPELPKLYDLVPKPNINAKLLLFWRKPAR
KCWWGEEDIELEVEVFGSWKDESKKIIELILPTNVDPEAELHKIIVPVRLHIRRVWTLEL
SVIGVQ",486,"The long-term survival function of Fis1 that is compensated by WHI2 mutation appears to be independent of fission factor Dnm1/Drp1 and its adaptor Mdv1, but might be mediated through a second adaptor Caf4, as WHI2 is also mutated in a Caf4 knockout",,GO:0019211|GO:0040008|GO:0009408|GO:0009651|GO:0007049|GO:0000422|GO:0007015|GO:0005575|GO:0006897|GO:0006950,cytoplasm,ROS production,19208759|18756280|20075938
A33,CAF4,,YKR036C,P36130,S000001744,"WD40 repeat-containing protein associated with the CCR4-NOT complex; interacts in a Ccr4p-dependent manner with Ssn2p; also interacts with Fis1p, Mdv1p and Dnm1p and plays a role in mitochondrial fission; CAF4 has a paralog, MDV1, that arose from the whole genome duplication
",">sp|P36130|CAF4_YEAST CCR4-associated factor 4 OS=Saccharomyces cerevisiae (strain ATCC 204508 / S288c) GN=CAF4 PE=1 SV=2
MGSGDTRGESSLVAKPIEIILNKLPHAILAQQQFQKYITSPIYRYLSKLLLFREVAWPES
TKDTQKGQVGIFSFQNNYADSATTFRILAHLDEHGYPLPNGAAEKNLPSLFEGFKATVSI
IQQRLLLDNVDGATNSDKEKYVQLPDINTGFVNKTYSRIDLTHLLEDVETNVENLSINKT
LEMDELTRLDSMINELESRKLKILERVKHIDSKSTNLENDVTLIKDRINFIEEYNLEADR
EQSLRKQMEEERSSEASSFTQNEEAISSLCDVESKDTRLKDFYKMPHEKSHDKNRQIISE
TYSRNTTAFRMTIPHGEHGNSITALDFDTPWGTLCSSSYQDRIVKVWDLNHGIQVGELPG
HLATVNCMQIDKKNYNMLITGSKDATLKLWDLNLSREIYLDHSPLKEKTEEIVTPCIHNF
ELHKDEITALSFDSEALVSGSRDKKIFHWDLTTGKCIQQLDLIFTPTHSDIKMPARSLNN
GACLLGTEAPMIGALQCYNSALATGTKDGIVRLWDLRVGKPVRLLEGHTDGITSLKFDSE
KLVTGSMDNSVRIWDLRTSSILDVIAYDLPVSSLDFDGKLITVGANEGGVNVFNMERDEH
WMTPEPPHSLDGDELSRRIAIVKYKDGFLINGHNDGDINVWTL",643,"The long-term survival function of Fis1 that is compensated by WHI2 mutation appears to be independent of fission factor Dnm1/Drp1 and its adaptor Mdv1, but might be mediated through a second adaptor Caf4, as WHI2 is also mutated in a Caf4 knockout",IPR015943|IPR017986|IPR001680|IPR020472|IPR019775,GO:0005739|GO:0000266|GO:0003674|GO:0016020|GO:0005741|GO:0030014|GO:0006357|GO:0016559,,,18756280|17998537
A34,DCP1,,YOL149W,Q12517,S000005509,"Subunit of the Dcp1p-Dcp2p decapping enzyme complex; decapping complex removes the 5' cap structure from mRNAs prior to their degradation; enhances the activity of catalytic subunit Dcp2p; regulated by DEAD box protein Dhh1p; forms cytoplasmic foci upon DNA replication stress
",">sp|Q12517|DCP1_YEAST mRNA-decapping enzyme subunit 1 OS=Saccharomyces cerevisiae (strain ATCC 204508 / S288c) GN=DCP1 PE=1 SV=1
MTGAATAAENSATQLEFYRKALNFNVIGRYDPKIKQLLFHTPHASLYKWDFKKDEWNKLE
YQGVLAIYLRDVSQNTNLLPVSPQEVDIFDSQNGSNNIQVNNGSDNSNRNSSGNGNSYKS
NDSLTYNCGKTLSGKDIYNYGLIILNRINPDNFSMGIVPNSVVNKRKVFNAEEDTLNPLE
CMGVEVKDELVIIKNLKHEVYGIWIHTVSDRQNIYELIKYLLENEPKDSFA",231,"The truncated form of LSM4, leads to an accumulation of mRNAs and the phenotypic markers of apoptosis. Other mutations in the yeast mRNA-decapping pathway, such as those in the LSM1, LSM6, DCP1 and DCP2 genes, show increased mRNA stability and undergo apoptosis",IPR010334,GO:0000290|GO:0006397|GO:0005737|GO:0000184|GO:0003723|GO:0003729|GO:0000932|GO:0050072|GO:0008047,cytoplasm,caspase dependent|mRNA stability,16170310|12589065
A35,DCP2,,YNL118C,P53550,S000005062,Catalytic subunit of the Dcp1p-Dcp2p decapping enzyme complex; removes the 5' cap structure from mRNAs prior to their degradation; nudix hydrolase family member; forms cytoplasmic foci upon DNA replication stress,">sp|P53550|DCP2_YEAST mRNA-decapping enzyme subunit 2 OS=Saccharomyces cerevisiae (strain ATCC 204508 / S288c) GN=DCP2 PE=1 SV=1
MSLPLRHALENVTSVDRILEDLLVRFIINCPNEDLSSVERELFHFEEASWFYTDFIKLMN
PTLPSLKIKSFAQLIIKLCPLVWKWDIRVDEALQQFSKYKKSIPVRGAAIFNENLSKILL
VQGTESDSWSFPRGKISKDENDIDCCIREVKEEIGFDLTDYIDDNQFIERNIQGKNYKIF
LISGVSEVFNFKPQVRNEIDKIEWFDFKKISKTMYKSNIKYYLINSMMRPLSMWLRHQRQ
IKNEDQLKSYAEEQLKLLLGITKEEQIDPGRELLNMLHTAVQANSNNNAVSNGQVPSSQE
LQHLKEQSGEHNQQKDQQSSFSSQQQPSIFPSLSEPFANNKNVIPPTMPMANVFMSNPQL
FATMNGQPFAPFPFMLPLTNNSNSANPIPTPVPPNFNAPPNPMAFGVPNMHNLSGPAVSQ
PFSLPPAPLPRDSGYSSSSPGQLLDILNSKKPDSNVQSSKKPKLKILQRGTDLNSIKQNN
NDETAHSNSQALLDLLKKPTSSQKIHASKPDTSFLPNDSVSGIQDAEYEDFESSSDEEVE
TARDERNSLNVDIGVNVMPSEKDSRRSQKEKPRNDASKTNLNASAESNSVEWGPGKSSPS
TQSKQNSSVGMQNKYRQEIHIGDSDAYEVFESSSDEEDGKKLEELEQTQDNSKLISQDIL
KENNFQDGEVPHRDMPTESNKSINETVGLSSTTNTVKKVPKVKILKRGETFASLANDKKA
FDSSSNVSSSKDLLQMLRNPISSTVSSNQQSPKSQHLSGDEEIMMMLKRNSVSKPQNSEE
NASTSSINDANASELLGMLKQKEKDITAPKQPYNVDSYSQKNSAKGLLNILKKNDSTGYP
RTEGGPSSEMSTSMKRNDATNNQELDKNSTELLNYLKPKPLNDGYENISNKDSSHELLNI
LHGNKNSSAFNNNVYATDGYSLASDNNENSSNKLLNMLQNRSSAINEPNFDVRSNGTSGS
NELLSILHRK",970,"The truncated form of LSM4, leads to an accumulation of mRNAs and the phenotypic markers of apoptosis. Other mutations in the yeast mRNA-decapping pathway, such as those in the LSM1, LSM6, DCP1 and DCP2 genes, show increased mRNA stability and undergo apoptosis",IPR007722|IPR015797|IPR000086|IPR020084,GO:0046872|GO:0000932|GO:0016787|GO:0000290|GO:0050072|GO:0003723|GO:0031087|GO:0005737|GO:0006397|GO:0000184|GO:0030145|GO:0005634|GO:0003729|GO:0034063,cytoplasm,caspase dependent|mRNA stability,16170310|12589065
A36,LSM1,,YJL124C,P47017,S000003660,"Lsm (Like Sm) protein; forms heteroheptameric complex (with Lsm2p, Lsm3p, Lsm4p, Lsm5p, Lsm6p, and Lsm7p) involved in degradation of cytoplasmic mRNAs; unlike most Sm-like proteins, Lsm1p requires both its SM-domain and C-terminal domain for RNA-binding; forms cytoplasmic foci upon DNA replication stress",">sp|P47017|LSM1_YEAST Sm-like protein LSm1 OS=Saccharomyces cerevisiae (strain ATCC 204508 / S288c) GN=LSM1 PE=1 SV=1
MSANSKDRNQSNQDAKRQQQNFPKKISEGEADLYLDQYNFTTTAAIVSSVDRKIFVLLRD
GRMLFGVLRTFDQYANLILQDCVERIYFSEENKYAEEDRGIFMIRGENVVMLGEVDIDKE
DQPLEAMERIPFKEAWLTKQKNDEKRFKEETHKGKKMARHGIVYDFHKSDMY",172,"The truncated form of LSM4, leads to an accumulation of mRNAs and the phenotypic markers of apoptosis. Other mutations in the yeast mRNA-decapping pathway, such as those in the LSM1, LSM6, DCP1 and DCP2 genes, show increased mRNA stability and undergo apoptosis",IPR010920|IPR001163|IPR006649,GO:0000288|GO:0005737|GO:0000932|GO:0000339|GO:0005845|GO:0000290|GO:0030529|GO:0005634|GO:0006397|GO:0003723,cytoplasm,caspase dependent|mRNA stability,16170310|12589065
A37,LSM4,SDB23| USS1,YER112W,P40070 ,S000000914,"Lsm (Like Sm) protein; part of heteroheptameric complexes (Lsm2p-7p and either Lsm1p or 8p): cytoplasmic Lsm1p complex involved in mRNA decay; nuclear Lsm8p complex part of U6 snRNP and possibly involved in processing tRNA, snoRNA, and rRNA; forms cytoplasmic foci upon DNA replication stress",">sp|P40070|LSM4_YEAST U6 snRNA-associated Sm-like protein LSm4 OS=Saccharomyces cerevisiae (strain ATCC 204508 / S288c) GN=LSM4 PE=1 SV=1
MLPLYLLTNAKGQQMQIELKNGEIIQGILTNVDNWMNLTLSNVTEYSEESAINSEDNAES
SKAVKLNEIYIRGTFIKFIKLQDNIIDKVKQQINSNNNSNSNGPGHKRYYNNRDSNNNRG
NYNRRNNNNGNSNRRPYSQNRQYNNSNSSNINNSINSINSNNQNMNNGLGGSVQHHFNSS
SPQKVEF",187,"The truncated form of LSM4, leads to an accumulation of mRNAs and the phenotypic markers of apoptosis. Other mutations in the yeast mRNA-decapping pathway, such as those in the LSM1, LSM6, DCP1 and DCP2 genes, show increased mRNA stability and undergo apoptosis",IPR027141|IPR010920|IPR001163|IPR006649,GO:0000398|GO:0017070|GO:0005688|GO:0005634|GO:0005737|GO:0033962|GO:0005730|GO:0046540|GO:0000956|GO:0003723|GO:0006364|GO:0008033|GO:0030529|GO:0006397|GO:0008380|GO:0000932|GO:0005732,cytoplasm,caspase dependent|mRNA stability,16170310|12589065
A38,KAP123,YRB4,YER110C,P40069,S000000912,"Karyopherin beta, mediates nuclear import of ribosomal proteins prior to assembly into ribosomes and import of histones H3 and H4; localizes to the nuclear pore, nucleus, and cytoplasm; exhibits genetic interactions with RAI1",">sp|P40069|IMB4_YEAST Importin subunit beta-4 OS=Saccharomyces cerevisiae (strain ATCC 204508 / S288c) GN=KAP123 PE=1 SV=1
MDQQFLSQLEQTLHAITSGVGLKEATKTLQTQFYTQPTTLPALIHILQNGSDDSLKQLAG
VEARKLVSKHWNAIDESTRASIKTSLLQTAFSEPKENVRHSNARVIASIGTEELDGNKWP
DLVPNLIQTASGEDVQTRQTAIFILFSLLEDFTSSLSGHIDDFLALFSQTINDPSSLEIR
SLSAQALNHVSALIEEQETINPVQAQKFAASIPSVVNVLDAVIKADDTMNAKLIFNCLND
FLLLDSQLTGNFIVDLIKLSLQIAVNSEIDEDVRVFALQFIISSLSYRKSKVSQSKLGPE
ITVAALKVACEEIDVDDELNNEDETGENEENTPSSSAIRLLAFASSELPPSQVASVIVEH
IPAMLQSANVFERRAILLAISVAVTGSPDYILSQFDKIIPATINGLKDTEPIVKLAALKC
IHQLTTDLQDEVAKFHEEYLPLIIDIIDSAKNIVIYNYATVALDGLLEFIAYDAIAKYLD
PLMNKLFYMLESNESSKLRCAVVSAIGSAAFAAGSAFIPYFKTSVHYLEKFIQNCSQIEG
MSEDDIELRANTFENISTMARAVRSDAFAEFAEPLVNSAYEAIKTDSARLRESGYAFIAN
LAKVYGENFAPFLKTILPEIFKTLELDEYQFNFDGDAEDLAAFADSANEEELQNKFTVNT
GISYEKEVASAALSELALGTKEHFLPYVEQSLKVLNEQVDESYGLRETALNTIWNVVKSV
LLASKVEPESYPKGIPASSYVNADVLAVIQAARETSMGNLSDEFETSMVITVMEDFANMI
KQFGAIIIMDNGDSSMLEALCMQVLSVLKGTHTCQTIDIEEDVPRDEELDASETEATLQD
VALEVLVSLSQALAGDFAKVFDNFRPVVFGLFQSKSKNKRSSAVGAASELALGMKEQNPF
VHEMLEALVIRLTSDKSLEVRGNAAYGVGLLCEYASMDISAVYEPVLKALYELLSAADQK
ALAAEDDEATREIIDRAYANASGCVARMALKNSALVPLEQTVPALLAHLPLNTGFEEYNP
IFELIMKLYQENSPVITNETPRIIEIFSAVFTKENDRIKLEKESTLGREENMERLKQFQT
EEMKHKVIELLKYLNTTYNGIVAQNPVLAAVIA",1113,"Kap123p, a protein involved in nuclear import, is required for Nuc1p-mediated death",,GO:0005737|GO:0006886|GO:0008565|GO:0016021|GO:0005634|GO:0005643|GO:0006610|GO:2000220|GO:0006606|GO:0006607|GO:0008139|GO:0015031|GO:0006810|GO:0051028,nucleus,mitochondrial membrane permeabilization,17244531|19250922|20075938
A39,SIR2,MAR1,YDL042C,P06700,S000002200,"Conserved NAD+ dependent histone deacetylase of the Sirtuin family; involved in regulation of lifespan; plays roles in silencing at HML, HMR, telomeres, and the rDNA locus; negatively regulates initiation of DNA replication; functions as a regulator of autophagy like mammalian homolog SIRT1, and also of mitophagy",">sp|P06700|SIR2_YEAST NAD-dependent histone deacetylase SIR2 OS=Saccharomyces cerevisiae (strain ATCC 204508 / S288c) GN=SIR2 PE=1 SV=1
MTIPHMKYAVSKTSENKVSNTVSPTQDKDAIRKQPDDIINNDEPSHKKIKVAQPDSLRET
NTTDPLGHTKAALGEVASMELKPTNDMDPLAVSAASVVSMSNDVLKPETPKGPIIISKNP
SNGIFYGPSFTKRESLNARMFLKYYGAHKFLDTYLPEDLNSLYIYYLIKLLGFEVKDQAL
IGTINSIVHINSQERVQDLGSAISVTNVEDPLAKKQTVRLIKDLQRAINKVLCTRLRLSN
FFTIDHFIQKLHTARKILVLTGAGVSTSLGIPDFRSSEGFYSKIKHLGLDDPQDVFNYNI
FMHDPSVFYNIANMVLPPEKIYSPLHSFIKMLQMKGKLLRNYTQNIDNLESYAGISTDKL
VQCHGSFATATCVTCHWNLPGERIFNKIRNLELPLCPYCYKKRREYFPEGYNNKVGVAAS
QGSMSERPPYILNSYGVLKPDITFFGEALPNKFHKSIREDILECDLLICIGTSLKVAPVS
EIVNMVPSHVPQVLINRDPVKHAEFDLSLLGYCDDIAAMVAQKCGWTIPHKKWNDLKNKN
FKCQEKDKGVYVVTSDEHPKTL",562,The yeast GAPDH paralogue Tdh3 interacts genetically with Sir2,IPR003000|IPR026590|IPR026591,GO:0045910|GO:0031491|GO:0006355|GO:0006476|GO:0008270|GO:0017136|GO:0051287|GO:0070403|GO:0006342|GO:0016811|GO:0005634|GO:0006281|GO:0006351|GO:0006974|GO:0016568|GO:0016787|GO:0046872|GO:0005730|GO:0001302|GO:0046969|GO:0046970|GO:0030869|GO:0000183|GO:0001308|GO:0005720|GO:0006333|GO:0006303|GO:0000783|GO:0001300|GO:0032041|GO:0008156|GO:0005677|GO:0030466|GO:0006348|GO:0005724,,caspase dependent,17673205|19390637
A40,HOS3,,YPL116W,Q02959 ,S000006037,"Trichostatin A-insensitive homodimeric histone deacetylase (HDAC) with specificity in vitro for histones H3, H4, H2A, and H2B; similar to Hda1p, Rpd3p, Hos1p, and Hos2p; deletion results in increased histone acetylation at rDNA repeats",">sp|Q02959|HOS3_YEAST Histone deacetylase HOS3 OS=Saccharomyces cerevisiae (strain ATCC 204508 / S288c) GN=HOS3 PE=1 SV=1
MSSKHSDPLERFYKQFQAFVQNNPNVISAARAAAQIPESAKAVVVLSPYSLQHVFPREWV
TKSYRKTIVERPERLLASSMGISAAITMYPSLFTLKSSHQRKGSLMAPHVLKVHGSSWPA
ELIELCQMADAKLLKGEIEVPDTWNSGDIYLSSKTIKALQGTIGAIETGVDSIFKGPSAE
HISNRAFVAIRPPGHHCHYGTPSGFCLLNNAHVAIEYAYDTYNVTHVVVLDFDLHHGDGT
QDICWKRAGFKPEEEPEDSSYDDFGKKFAEFPKVGYFSMHDINSFPTESGFATKENIKNA
STCIMNSHDLNIWNIHLSKWTTEEEFNVLYRTKYRTLFAKADEFFRSAKLEMNQQGRPFK
GLVVISAGFDASEFEQTSMQRHSVNVPTSFYTTFTKDALKLAQMHCHGKVLSLMEGGYSD
KAICSGVFAHLIGLQNQDWVKEWGSEQVVKEIVRGCKPAWKPYKTKRAKDVIRIWAEEVI
RLGRAMIPEFDDIIFKDAVNSAPSNSLLKATVEPASTSTIAQRIIRSHRSNASPEKELHE
NKPRSTEKQEQREIRSDTKVKQLSSNNRAAETQIPFLQQEFSSEDEDEEYVYDEELNKTF
NRTVEDITIDDISRHLETLEIEKKGDEDSDHELKEKNWKNSHQRRLQGNGMYKIPSNTKP
HRIRQPQNANTPTYDDSDISMISHVSRKHTTRSGGRW",697,"Upon exposure to an apoptotic stimulus, the histone deacetylase Hos3p deacetylates K11 and allows Ste20p to phosphorylate S10, required for apoptotic cell death",IPR000286|IPR023801,GO:0016787|GO:0006355|GO:0005634|GO:0045944|GO:0000083|GO:0016568|GO:0006351|GO:0046970|GO:0046969|GO:0034739|GO:0032129|GO:0032041|GO:0031078|GO:0016575|GO:0004407|GO:0005737|GO:0005935|GO:0097372|GO:0070933|GO:0070932,nucleus,caspase independent|histone modification,17052455|17052450
A41,YSP1,,YHR155W,P38851,S000001198,"Mitochondrial protein; potential role in promoting mitochondrial fragmentation during programmed cell death in response to high levels of alpha-factor mating pheromone or the drug amiodarone; YSP1 has a paralog, SIP3, that arose from the whole genome duplication",">sp|P38851|YSP1_YEAST Protein YSP1 OS=Saccharomyces cerevisiae (strain ATCC 204508 / S288c) GN=YSP1 PE=1 SV=1
MHEHKAELRLITVALNEASTDSPSFRASVNYFHTRMESLSSWMHSTVDYVENTYKPSFQD
FQRIKETLFSQLLPSPILLSNGFVSNQPYTPLLVRDFTRDVSDLSNTVMKIILGDENSQY
TAALSALSSDAINPYFNKRKTFEYYQRKYDSFLTDFLAATNDGNTLIPQNLQNETFKLVD
IKHKYIEASLDLTEAISLMKVNLDKFLIETIDIVRKNNVITTKDTKDVIDITPELTETLK
DWTDWIESNLQTLQALSSKLSEAKYAILKLSLARMKPSRLIQDYDLKSIQNLKFNLPKSI
SNGNNSEEKGLSGWLYMKTTVGHDPKRVVWVRRWCFLQNNVFGVFSLSPSKTYVEETDKF
GILWITVEYLPKEPRNFCFKLRIQNPNCKTEEENTYIDIILQAESIDELKSWINTLTSHK
RIALSIKEENDPRYQLARKKIEPQFFEFASSSSTSTDKLLTSFSSKTLTLVEELKKNYMS
EDDIYSIIDNKAYHLRVISTPIATQLTHLALFSTFLSVSNYYPCATQANTWGTANWNDLS
YLVNPLKGSSVHKPATVSNSSRFSVSYPDYYPYSLKVDDIQFRSIFFSVNHDFLQVPKEL
VLLRYSSVWCPNNKQKFASMAFVTLNHIYVYLNISGFSYLRRIDLLDIDSIEYDKSPKHV
SSRMLHMQRGDGLRFNMSVFFTDRRAVASKLQFLIENKAMHIPKGEKEVLEIFQELDEEI
ENEKKIIKDNLSESEHYSKDYDYLLKSTYDHHFENTNETPMELMSRKLRLEREAWCYFQD
NFKVGSKTLFHVLFGDKSQVFPSSLFLCKKGSNLNNNSYWERIRRAKEDASCQFELCRKL
QFQLNRTSNFIKDLLWLKDDNDNFKLVLQQRVTKIKQGYYFEVEEGPIIVKFPLCHPLLL
RVRFIIAECITSQGESLKKCDLAILYDFNYVESIDKLNTKVEKLWLFERIHLNWALRYCK
LEHSEINRKTREYLKKFNDREKMSDVIKLCGFLGVLPKERIENDEKAGDFMQPVYINYDF
LSLSKIFTKLTVFYLSSVIIKTMKVLLAMVMVIFKCFSKVNKTLYYCLLISAVTNLFFVG
KSIHSYFSVKSAETLFQNYANGDQRGLQIMHRSLTVPDLNLLTRKMMDNDQENPVFKRFD
EDKNAYQYKGTRQEIAIKRNQVLTELKILQNTEKELVQGSYRKFIITERDKCITTQNEIF
DLWINDTKLQDYCMACFAEYNRLSAIPV",1228,It is a yeast suicide protein,IPR011993|IPR001849,GO:0031966|GO:0005739|GO:0008150|GO:0003674|GO:0005543|GO:0016021|GO:0016020,mitochondria,cytochrome c release|mitochondrial fragmentation|mitochondrial membrane permeabilization,15657396|20075938
A42,IZH2,PHO36,YOL002C,Q12442,S000005362,"Plasma membrane protein involved in zinc homeostasis and osmotin-induced apoptosis; transcription regulated by Zap1p, zinc and fatty acid levels; similar to mammalian adiponectins; deletion increases sensitivity to elevated zinc",">sp|Q12442|IZH2_YEAST ADIPOR-like receptor IZH2 OS=Saccharomyces cerevisiae (strain ATCC 204508 / S288c) GN=IZH2 PE=1 SV=2
MSTLLERTKSVQELKKRAAGKTSANPAEVAKAKKVLRRLYSWDEIPEWQRDNDFILHGYV
KETSSFIETFKSLFYLHNESVNIYSHLIPALGFFTVLLLDKSTIKVFATTTWLDHMVIDL
FYSGAFACLILSSSFHCLKSHSLRIATLGNKLDYLGICILIVTSMVSILYYGYFEKFSLF
CLFALITVSFGIACSIVSLKDKFRKREWRPYRAGLFVCFGLSSIIPIFSGLYCYSFSEIW
TQIQLFWVLLGGVLYIIGAVLYGMRFPEKICPGKFDIWGHSHQLFHFLVVIAALCHLRGL
LNSYELVHIKMENGIVS",317,"A protein, involved in osmotin-induced apoptosis",IPR004254,GO:0016020|GO:0016021|GO:0044255|GO:0010043|GO:0006631|GO:0006882|GO:0046872|GO:0009636|GO:0005515|GO:0005886|GO:0006629,cytoplasm,ROS production,15664187|17087770|20075938
A43,TMA19,MMI1,YKL056C,P35691,S000001539,"Protein that associates with ribosomes; homolog of translationally controlled tumor protein; green fluorescent protein (GFP)-fusion protein localizes to the cytoplasm and relocates to the mitochondrial outer surface upon oxidative stress
",">sp|P35691|TCTP_YEAST Translationally-controlled tumor protein homolog OS=Saccharomyces cerevisiae (strain ATCC 204508 / S288c) GN=TMA19 PE=1 SV=1
MIIYKDIFSNDELLSDAYDAKLVDDVIYEADCAMVNVGGDNIDIGANPSAEGGDDDVEEG
AEMVNNVVHSFRLQQTAFDKKSFLTYIKGYMKAVKAKLQETNPEEVPKFEKGAQTYVKKV
IGSFKDWEFFTGESMDPDAMVVMLNYREDGTTPFVAIWKHGIVEEKI",167,"After induction of apoptosis or mild oxidative stress, a protein reversibly translocates from the cytoplasm to mitochondria, where it is associated with the outer surface",IPR018105|IPR011057|IPR011323|IPR018103,GO:0005840|GO:0002181|GO:0005737|GO:0003674|GO:0005856|GO:0005739|GO:0034599|GO:0005829|GO:0006412|GO:0005874,cytoplasm|mitochondria,ROS production,16806052|20075938
A44,RAS2,CTN5| CYR3| GLC5| TSL7,YNL098C,P01120,S000005042,"GTP-binding protein that regulates the nitrogen starvation response, sporulation, and filamentous growth; farnesylation and palmitoylation required for activity and localization to plasma membrane; homolog of mammalian Ras proto-oncogenes",">sp|P01120|RAS2_YEAST Ras-like protein 2 OS=Saccharomyces cerevisiae (strain ATCC 204508 / S288c) GN=RAS2 PE=1 SV=4
MPLNKSNIREYKLVVVGGGGVGKSALTIQLTQSHFVDEYDPTIEDSYRKQVVIDDEVSIL
DILDTAGQEEYSAMREQYMRNGEGFLLVYSITSKSSLDELMTYYQQILRVKDTDYVPIVV
VGNKSDLENEKQVSYQDGLNMAKQMNAPFLETSAKQAINVEEAFYTLARLVRDEGGKYNK
TLTENDNSKQTSQDTKGSGANSVPRNSGGHRKMSNAANGKNVNSSTTVVNARNASIESKT
GLAGNQATNGKTQTDRTNIDNSTGQAGQANAQSANTVNNRVNNNSKAGQVSNAKQARKQQ
AAPGGNTSEASKSGSGGCCIIS",322,"Hyper-activation of the Ras protein Ras2p, part of a signaling pathway upstream from PKA activation, increases apoptosis",IPR001806|IPR020849|IPR027417|IPR005225,GO:0000411|GO:0001302|GO:0030437|GO:0005886|GO:0007124|GO:0016020|GO:0005525|GO:0000166|GO:0007264|GO:0006184|GO:0007165|GO:0003924|GO:0032880|GO:0007190|GO:0007265|GO:0005739|GO:0005789,cytoplasm,ROS production,15664187|19208759
A45,CDC48,,YDL126C,P25694,S000002284,"AAA ATPase involved in multiple processes; subunit of polyubiquitin-selective segregase complex involved in ERAD, cell wall integrity during heat stress, mitotic spindle disassembly; subunit of complex involved in mitochondria-associated degradation; role in mobilizing membrane bound transcription factors by regulated ubiquitin/proteasome-dependent processing; roles in macroautophagy, PMN, RAD, ribophagy, and homotypic ER membrane fusion; functional ortholog of human p97/VCP",">sp|P25694|CDC48_YEAST Cell division control protein 48 OS=Saccharomyces cerevisiae (strain ATCC 204508 / S288c) GN=CDC48 PE=1 SV=3
MGEEHKPLLDASGVDPREEDKTATAILRRKKKDNMLLVDDAINDDNSVIAINSNTMDKLE
LFRGDTVLVKGKKRKDTVLIVLIDDELEDGACRINRVVRNNLRIRLGDLVTIHPCPDIKY
ATRISVLPIADTIEGITGNLFDVFLKPYFVEAYRPVRKGDHFVVRGGMRQVEFKVVDVEP
EEYAVVAQDTIIHWEGEPINREDEENNMNEVGYDDIGGCRKQMAQIREMVELPLRHPQLF
KAIGIKPPRGVLMYGPPGTGKTLMARAVANETGAFFFLINGPEVMSKMAGESESNLRKAF
EEAEKNAPAIIFIDEIDSIAPKRDKTNGEVERRVVSQLLTLMDGMKARSNVVVIAATNRP
NSIDPALRRFGRFDREVDIGIPDATGRLEVLRIHTKNMKLADDVDLEALAAETHGYVGAD
IASLCSEAAMQQIREKMDLIDLDEDEIDAEVLDSLGVTMDNFRFALGNSNPSALRETVVE
SVNVTWDDVGGLDEIKEELKETVEYPVLHPDQYTKFGLSPSKGVLFYGPPGTGKTLLAKA
VATEVSANFISVKGPELLSMWYGESESNIRDIFDKARAAAPTVVFLDELDSIAKARGGSL
GDAGGASDRVVNQLLTEMDGMNAKKNVFVIGATNRPDQIDPAILRPGRLDQLIYVPLPDE
NARLSILNAQLRKTPLEPGLELTAIAKATQGFSGADLLYIVQRAAKYAIKDSIEAHRQHE
AEKEVKVEGEDVEMTDEGAKAEQEPEVDPVPYITKEHFAEAMKTAKRSVSDAELRRYEAY
SQQMKASRGQFSNFNFNDAPLGTTATDNANSNNSAPSGAGAAFGSNAEEDDDLYS",835,Yeast apoptosis was first described in cells carrying a mutation in the AAA-ATPase CDC48 gene,IPR005938|IPR009010|IPR003338|IPR004201|IPR027417|IPR003593|IPR003959|IPR003960,GO:0000166|GO:0071629|GO:0005783|GO:0006810|GO:0007049|GO:0015031|GO:0005829|GO:0005789|GO:0016887|GO:0005634|GO:0030433|GO:0000837|GO:0005524|GO:0031134|GO:0005739|GO:0043231|GO:0071712|GO:0030970|GO:0034098|GO:0043161|GO:0043130|GO:1900182|GO:0036266|GO:0071630|GO:0043332|GO:0072671|GO:0051228|GO:0016320|GO:0034517|GO:0034727|GO:0016236|GO:0016787|GO:0017111,cytoplasm,caspase dependent|protein degradation|ROS production,11813000|18355456|20075938
A46,CDC6,,YJL194W,P09119,S000003730,Essential ATP-binding protein required for DNA replication; component of the pre-replicative complex (pre-RC) which requires ORC to associate with chromatin and is in turn required for Mcm2-7p DNA association; homologous to S. pombe Cdc18p; relocalizes from nucleus to cytoplasm upon DNA replication stress,">sp|P09119|CDC6_YEAST Cell division control protein 6 OS=Saccharomyces cerevisiae (strain ATCC 204508 / S288c) GN=CDC6 PE=1 SV=3
MSAIPITPTKRIRRNLFDDAPATPPRPLKRKKLQFTDVTPESSPEKLQFGSQSIFLRTKA
LLQKSSELVNLNSSDGALPARTAEYEQVMNFLAKAISEHRSDSLYITGPPGTGKTAQLDM
IIRQKFQSLPLSLSTPRSKDVLRHTNPNLQNLSWFELPDGRLESVAVTSINCISLGEPSS
IFQKIFDSFQDLNGPTLQIKNMQHLQKFLEPYHKKTTFVVVLDEMDRLLHANTSETQSVR
TILELFLLAKLPTVSFVLIGMANSLDMKDRFLSRLNLDRGLLPQTIVFQPYTAEQMYEIV
IQKMSSLPTIIFQPMAIKFAAKKCAGNTGDLRKLFDVLRGSIEIYELEKRFLLSPTRGSL
NSAQVPLTPTTSPVKKSYPEPQGKIGLNYIAKVFSKFVNNNSTRTRIAKLNIQQKLILCT
IIQSLKLNSDATIDESFDHYIKAITKTDTLAPLQRNEFLEICTILETCGLVSIKKTKCKG
KTKRFVDKIDVDLDMREFYDEMTKISILKPFLH",513,"Cdc6p, a component of the pre-replicative complex required for the initiation of eukaryotic DNA replication, is rapidly degraded in a proteasome-dependent way in cells undergoing apoptosis induced by the DNA-damaging drug adozelesin",IPR016314|IPR027417|IPR003593|IPR011991,GO:0005634|GO:0003688|GO:0000166|GO:0017111|GO:0031938|GO:0005886|GO:0005524|GO:0006260|GO:0007049|GO:0016020|GO:0051301|GO:0030174|GO:0016887|GO:0005525|GO:0003924|GO:0003682|GO:0005515|GO:0006267|GO:0000082|GO:0031261|GO:0005656|GO:0005737,cytoplasm,protein degradation,12006651|18355456
A47,UBP10,DOT4,YNL186W,P53874,S000005130,"Ubiquitin-specific protease, deubiquitinates Ub-protein moieties; interacts with proteins that function in rRNA production and ribosome biogenesis; stabilizes Rpa190p, the largest subunit of RNAP I, by mediating its deubiquitination; may regulate silencing by acting on Sir4p; involved in posttranscriptionally regulating Gap1p and possibly other transporters; localized to the nucleolus; human USP36 is a functional analog of Ubp10p",">sp|P53874|UBP10_YEAST Ubiquitin carboxyl-terminal hydrolase 10 OS=Saccharomyces cerevisiae (strain ATCC 204508 / S288c) GN=UBP10 PE=1 SV=1
MTTQESIKPLVDRILSNPLQFNAAMISNKSNNNDTSAAPENSSYIVIGKQHNNNSNSTAI
AATAESKQIKENNLIDRPNGKKTNTVPKSMAEALLLYTSKNDKDAADATGAKKSAELSTE
LSTEPPSSSSEDDKVGKEEEEEGEIFHEARDYVEPRKASLKERDNADKGDGEDIGEDIGE
DIGEDIGEDIGEDIGENLGSPLATIDDSSNENEKEKRKELSTSISSDDEIEDDEDEDDMD
YDSSAMEKELPEEEENDSSSKISEGEKKSLYQDLMENSTVEVNRYEPVNNTKENGNRNPK
GEEEEEEEEDLKHKSRSITPPVTISNLSNFYQFNENINDRGSLNSTRIVKNWGDKFTNLK
PRGLLNHGVTCYTNAAVQAMLHIPSIQHYLFDILMGKYDSTISKNSVSYTLAETSKKMWL
PVSKNPRKNVSASYINPKHLISRLDDINCMMSEWQQEDSHEYFMSLMSRLQEDSVPKGHK
LIESIIYDIFGGLLKQIVTCKSCGSISKTEQPFYDLSLHLKGKKKLDPNSDLSSDSINGT
SATTSTTTSNAATKPSLSSSSSVNLNNGSPFAAASDLSSANRRFSIEKSIKDFFNPELIK
VDKEQKGYVCEKCHKTTNAVKHSSILRAPETLLVHLKKFRFNGTSSSKMKQAVSYPMFLD
LTEYCESKELPVKYQLLSVVVHEGRSLSSGHYIAHCKQPDGSWATYDDEYINIISERDVL
KEPNAYYLLYTRLTPKSVPLPLAKSAMATGNVTSKSKQEQAVNEPNNRPLKINSKKNNRK
KWKKNKKRKFTK",792,"The loss of UBP10, which codes for a deubiquitinating enzyme, leads to premature cell death that can be efficiently rescued by the deletion of YCA1",IPR001394|IPR018200,GO:0016579|GO:0004221|GO:0006511|GO:0008233|GO:0000781|GO:0006508|GO:0005694|GO:0008234|GO:0016787|GO:0006348|GO:0004843|GO:0005634,nucleus,caspase dependent,15489197|18355456
A48,ISC1,,YER019W,P40015,S000000821,"Mitochondrial membrane localized inositol phosphosphingolipid phospholipase C, hydrolyzes complex sphingolipids to produce ceramide; activated by phosphatidylserine, cardiolipin, and phosphatidylglycerol; mediates Na+ and Li+ halotolerance
",">sp|P40015|ISC1_YEAST Inositol phosphosphingolipids phospholipase C OS=Saccharomyces cerevisiae (strain ATCC 204508 / S288c) GN=ISC1 PE=1 SV=1
MYNRKDRDVHERKEDGQSEFEALNGTNAIMSDNSKAYSIKFLTFNTWGLKYVSKHRKERL
RAIADKLAGHSMLTPISDELLPNGGDSNENEDYDVIALQEIWCVEDWKYLASACASKYPY
QRLFHSGILTGPGLAILSKVPIESTFLYRFPINGRPSAVFRGDWYVGKSIAITVLNTGTR
PIAIMNSHMHAPYAKQGDAAYLCHRSCQAWDFSRLIKLYRQAGYAVIVVGDLNSRPGSLP
HKFLTQEAGLVDSWEQLHGKQDLAVIARLSPLQQLLKGCTTCDSLLNTWRAQRQPDEACR
LDYALIDPDFLQTVDAGVRFTERIPHLDCSVSDHFAYSCTLNIVPQGTESRPSTSVKRAK
THDRELILQRYSNYETMIECIHTYLKTAQRQKFFRGLHFWASILLLIASLVVTTFTANKA
GWSSIFWVLFAIAVSISGTIDGAISFLFGRSEIRALIEVEQEVLDAEHHLQTFLSEK",477,"Excessive iron causes YCA1-dependent cell death, presumably through a pathway in which cardioliping activates the neutral sphingomyelinase ISC1, which in turn generates ceramide",IPR005135,GO:0009651|GO:0016021|GO:0052712|GO:0006665|GO:0006629|GO:0046872|GO:0030149|GO:0005739|GO:0005783|GO:0016020|GO:0031307|GO:0046513|GO:0016787,mitochondria,caspase dependent,18162582|19250922|20075938
A49,WWM1,,YFL010C,P43582,S000001884,"WW domain containing protein of unknown function; binds to Mca1p, a caspase-related protease that regulates H2O2-induced apoptosis; overexpression causes G1 phase growth arrest and clonal death that is suppressed by overexpression of MCA1",">sp|P43582|WWM1_YEAST WW domain-containing protein WWM1 OS=Saccharomyces cerevisiae (strain ATCC 204508 / S288c) GN=WWM1 PE=1 SV=1
MAQSKSNPPQVPSGWKAVFDDEYQTWYYVDLSTNSSQWEPPRGTTWPRPKGPPPGVNNEK
SSRQQADQAPPPYSSQSTPQVQAGAQAQQPRYYQPQQPQYPQYPQQQRYYPQQAPMPAAA
PQQAYYGTAPSTSKGSGHGGAMMGGLLGVGAGLLGGAMLEHAFDDHNYDGPDTVVVENNY
YGDDAGGSDGGFDDAGGFDGGFDDGFDGSDF",211,WW domain containing protein interacts with Metacaspase,IPR001202,GO:0005634|GO:0005737|GO:0006915|GO:0005739|GO:0008150|GO:0003674,,,12062425|11983181
A50,BXI1,YBH3,YNL305C,P48558,S000005249,Protein involved in apoptosis; variously described as containing a BCL-2 homology (BH3) domain or as a member of the BAX inhibitor family; reported to promote apoptosis under some conditions and to inhibit it in others; localizes to ER and vacuole; may link the unfolded protein response to apoptosis via regulation of calcium-mediated signaling; translocates to mitochondria under apoptosis-inducing conditions in a process involving Mir1p and Cor1p,">sp|P48558|BXI1_YEAST Bax inhibitor 1 OS=Saccharomyces cerevisiae (strain ATCC 204508 / S288c) GN=BXI1 PE=1 SV=1
MSGPPPPYEEQSSHLYGQPASSQDGNAFIPEDFKYSTVVISCEPIIRQRFMHKVYSLLSC
QLLASLSFCYWASVSTSLQNFIMSHIALFYICMVVSLVSCIWLAVSPRPEDYEASVPEPL
LTGSSEEPAQEQRRLPWYVLSSYKQKLTLLSIFTLSEAYCLSLVTLAYDKDTVLSALLIT
TIVVVGVSLTALSERFENVLNSATSIYYWLNWGLWIMIGMGLTALLFGWNTHSSKFNLLY
GWLGAILFTAYLFIDTQLIFRKVYPDEEVRCAMMLYLDIVNLFLSILRILANSNDDN",297,BaX Inhibitor,IPR006214,GO:0005739|GO:0000324|GO:0005789|GO:0006915|GO:0031966|GO:0016020|GO:0016021|GO:0003674|GO:0005783|GO:0030968|GO:0019722|GO:0005773|GO:0005774,mitochondria|er,anti-apoptosis|mitochondrial membrane permeabilization,21673967|21673659
A51,AIM14,YNO1,YGL160W,P53109,S000003128,"NADPH oxidase localized to the perinuclear ER; produces superoxide from NADPH; overexpression causes MCA1 dependent apoptosis; likely involved in superoxide-mediated regulation of the actin cytoskeleton; member of a conserved superfamily of NADPH oxidases (NOX enzymes); has similarity to iron/copper reductases (FRE1-8), particularly Fre8p",">sp|P53109|AIM14_YEAST Probable metalloreductase AIM14 OS=Saccharomyces cerevisiae (strain ATCC 204508 / S288c) GN=AIM14 PE=1 SV=1
MKESPLITLVKRHSETHFANIKYGYYVLIISLVYLIGLALLRAFGRRTPSRSSSAFKNKI
IYRLYDIDPAIHLGILFFAVLIPFYYHYSLTTQSTVYLKRLGRLSYALIPLNLFLTLRPN
WFLRKNCTYTDFIPFHKWFSRIITVIGLLHGIFFIIKWAIDDNVSLKQKLILKTFNFAGF
IISILVLFLLICSIGPMRRYNYRLFYIVHNLVNVAFILLTPIHSRPGVKFPFLLLNCTLL
FIHIINRIVFAKSLMILNKNANYSKTNLVHVRLPRAILPDYFEPGSHIRISPYRRINPLY
WLLPSHPYTIASLAEDNSIDLIIKETSTAEPGSQIESLRSNPKSFHLDQEKTYTLINSYP
PSVPEECYSQGTNIAIICGGSGISFALPLFRHFFNKENVKYLKMIWLIKDYSEYELVLDY
LKTNGLTFEKKLSNNKRISVFISGEYTAETRLDEITTNIDDENSEYEMGSFNNEDEDLSI
SNFNSENADSNDNTPETSHSPTKENGSMIEVKSKHSFTLSNELKSFNNESAQVNQNETWL
FSCGPPSLLQLSKKYCNDERINFVCETYGL",570,NADPH oxidase(NOX enzyme),IPR013130|IPR013112|IPR013121,GO:0016175|GO:0016491|GO:0006811|GO:0016021|GO:0055114|GO:0022900|GO:0016020|GO:0000293|GO:0016722|GO:0005840|GO:0032956|GO:0097038|GO:0006915,er,caspase dependent|ROS production,22586098
